script_name,method,framework,v1_error_stage,v1_e2e,v1_error,v2_error_stage,v2_e2e,v2_error,v2_dataset_class,v2_dataset_len,v2_data_path_exists,v1_elapsed,v2_elapsed,stage_changed,e2e_changed
backbone_image_classifier,ast,lightning,preflight/data_load,False,NotImplementedError: build_dataloader: no Dataset class detected — edit the generated file and replace this block.,preflight/import_check,False,ModuleNotFoundError: No module named 'lightning',,-1,True,0.28,0.79,True,False
dcgan_main,ast,pytorch,preflight/data_load,False,NotImplementedError: build_dataloader: no Dataset class detected — edit the generated file and replace this block.,preflight/data_load,False,NotImplementedError: build_dataloader: no Dataset class detected — edit the generated file and replace this block.,,-1,True,0.39,1.96,False,False
image_classification_from_scratch,ast,tensorflow,preflight/data_load,False,ModuleNotFoundError: No module named 'keras',preflight/import_check,False,ModuleNotFoundError: No module named 'keras',,-1,True,0.02,0.04,True,False
imagenet_main,ast,pytorch,preflight/data_load,False,NotImplementedError: build_dataloader: no Dataset class detected — edit the generated file and replace this block.,preflight/data_load,False,NotImplementedError: build_dataloader: no Dataset class detected — edit the generated file and replace this block.,,-1,True,0.02,1.35,False,False
lstm_seq2seq,ast,tensorflow,preflight/data_load,False,ModuleNotFoundError: No module named 'keras',preflight/import_check,False,ModuleNotFoundError: No module named 'keras',,-1,True,0.02,0.05,True,False
mednist_tutorial,ast,monai,preflight/data_load,False,NotImplementedError: build_dataloader: no Dataset class detected — edit the generated file and replace this block.,preflight/data_load,False,NotImplementedError: build_dataloader: no Dataset class detected — edit the generated file and replace this block.,,-1,True,1.36,5.75,False,False
mnist_convnet,ast,tensorflow,preflight/data_load,False,ModuleNotFoundError: No module named 'keras',preflight/import_check,False,ModuleNotFoundError: No module named 'keras',,-1,True,0.02,0.04,True,False
mnist_lite,ast,lightning,preflight/data_load,False,NotImplementedError: build_dataloader: no Dataset class detected — edit the generated file and replace this block.,preflight/import_check,False,ModuleNotFoundError: No module named 'lightning',,-1,True,0.02,0.77,True,False
mnist_main,ast,pytorch,preflight/data_load,False,NotImplementedError: build_dataloader: no Dataset class detected — edit the generated file and replace this block.,preflight/data_load,False,NotImplementedError: build_dataloader: no Dataset class detected — edit the generated file and replace this block.,,-1,True,0.02,1.34,False,False
spleen_segmentation_3d,ast,monai,preflight/data_load,False,ModuleNotFoundError: No module named 'nibabel',preflight/data_load,False,NotImplementedError: build_dataloader: no Dataset class detected — edit the generated file and replace this block.,,-1,True,0.02,3.96,False,False
backbone_image_classifier,zero_shot,lightning,preflight/forward_pass,False,AttributeError: 'NoneType' object has no attribute 'zero_grad',preflight/forward_pass,False,AttributeError: 'NoneType' object has no attribute 'zero_grad',MNIST,60000,True,0.06,1.42,False,False
dcgan_main,zero_shot,pytorch,preflight/data_load,False,KeyError: 'dataset',preflight/data_load,False,KeyError: 'dataset',,-1,True,0.02,1.45,False,False
image_classification_from_scratch,zero_shot,tensorflow,preflight/data_load,False,ModuleNotFoundError: No module named 'keras',preflight/import_check,False,ModuleNotFoundError: No module named 'keras',,-1,True,0.02,0.01,True,False
imagenet_main,zero_shot,pytorch,preflight/data_load,False,FileNotFoundError: [Errno 2] No such file or directory: 'imagenet/train',preflight/data_load,False,FileNotFoundError: [Errno 2] No such file or directory: 'imagenet/train',,-1,True,0.02,1.34,False,False
lstm_seq2seq,zero_shot,tensorflow,preflight/data_load,False,ModuleNotFoundError: No module named 'keras',preflight/import_check,False,ModuleNotFoundError: No module named 'keras',,-1,True,0.02,0.04,True,False
mednist_tutorial,zero_shot,monai,preflight/data_load,False,RuntimeError: Caught RuntimeError in DataLoader worker process 0.,preflight/data_load,False,FileNotFoundError: Caught FileNotFoundError in DataLoader worker process 0.,ImageDataset,10,True,0.05,3.82,False,False
mnist_convnet,zero_shot,tensorflow,preflight/data_load,False,ModuleNotFoundError: No module named 'keras',preflight/import_check,False,ModuleNotFoundError: No module named 'keras',,-1,True,0.02,0.04,True,False
mnist_lite,zero_shot,lightning,preflight/backward_pass,False,RuntimeError: element 0 of tensors does not require grad and does not have a grad_fn,preflight/backward_pass,False,RuntimeError: element 0 of tensors does not require grad and does not have a grad_fn,MNIST,60000,True,0.17,0.93,False,False
mnist_main,zero_shot,pytorch,preflight/forward_pass,False,AttributeError: 'NoneType' object has no attribute 'zero_grad',preflight/forward_pass,False,AttributeError: 'NoneType' object has no attribute 'zero_grad',MNIST,60000,True,0.11,1.48,False,False
spleen_segmentation_3d,zero_shot,monai,preflight/data_load,False,KeyError: 'data_dir',preflight/data_load,False,KeyError: 'data_dir',,-1,True,0.02,3.84,False,False
backbone_image_classifier,few_shot,lightning,preflight/backward_pass,False,RuntimeError: element 0 of tensors does not require grad and does not have a grad_fn,preflight/backward_pass,False,RuntimeError: element 0 of tensors does not require grad and does not have a grad_fn,MNIST,60000,True,0.12,1.47,False,False
dcgan_main,few_shot,pytorch,preflight/backward_pass,False,RuntimeError: element 0 of tensors does not require grad and does not have a grad_fn,,True,,FakeData,1000,True,0.16,33.79,True,True
image_classification_from_scratch,few_shot,tensorflow,preflight/data_load,False,ModuleNotFoundError: No module named 'keras',preflight/import_check,False,ModuleNotFoundError: No module named 'keras',,-1,True,0.02,0.04,True,False
imagenet_main,few_shot,pytorch,preflight/data_load,False,FileNotFoundError: [Errno 2] No such file or directory: './train',preflight/data_load,False,FileNotFoundError: [Errno 2] No such file or directory: './train',,-1,True,0.02,1.36,False,False
lstm_seq2seq,few_shot,tensorflow,preflight/data_load,False,ModuleNotFoundError: No module named 'keras',preflight/import_check,False,ModuleNotFoundError: No module named 'keras',,-1,True,0.02,0.04,True,False
mednist_tutorial,few_shot,monai,preflight/data_load,False,"ValueError: num_samples should be a positive integer value, but got num_samples=0",preflight/data_load,False,"ValueError: num_samples should be a positive integer value, but got num_samples=0",,-1,True,10.04,13.84,False,False
mnist_convnet,few_shot,tensorflow,preflight/data_load,False,ModuleNotFoundError: No module named 'keras',preflight/import_check,False,ModuleNotFoundError: No module named 'keras',,-1,True,0.02,0.75,True,False
mnist_lite,few_shot,lightning,,True,,,True,,MNIST,60000,True,75.53,67.71,False,False
mnist_main,few_shot,pytorch,preflight/backward_pass,False,RuntimeError: element 0 of tensors does not require grad and does not have a grad_fn,,True,,MNIST,60000,True,0.27,265.82,True,True
spleen_segmentation_3d,few_shot,monai,preflight/data_load,False,ModuleNotFoundError: No module named 'nibabel',preflight/backward_pass,False,RuntimeError: element 0 of tensors does not require grad and does not have a grad_fn,Dataset,20,True,0.02,8.84,True,False
backbone_image_classifier,structured,lightning,,True,,,True,,MNIST,60000,True,552.53,11.09,False,False
dcgan_main,structured,pytorch,,True,,,True,,CIFAR10,50000,True,339.75,743.36,False,False
image_classification_from_scratch,structured,tensorflow,,True,,,True,,TensorDataset,200,True,4.46,4.85,False,False
imagenet_main,structured,pytorch,,True,,,True,,TensorDataset,200,True,4.67,5.09,False,False
lstm_seq2seq,structured,tensorflow,,True,,,True,,_Seq2SeqDataset,200,True,0.28,1.07,False,False
mednist_tutorial,structured,monai,,True,,,True,,_SyntheticMRIDataset,20,True,11.69,14.64,False,False
mnist_convnet,structured,tensorflow,,True,,,True,,MNIST,60000,True,18.23,19.5,False,False
mnist_lite,structured,lightning,,True,,,True,,MNIST,60000,True,72.29,53.71,False,False
mnist_main,structured,pytorch,,True,,,True,,MNIST,60000,True,181.25,264.51,False,False
spleen_segmentation_3d,structured,monai,,True,,,True,,_SyntheticSpleenDataset,20,True,4.71,9.3,False,False
