script_name,framework,method,provider,e2e_runnable,preflight_pass,interface_complete,syntax_valid,component_coverage,error_stage,elapsed_sec
mlp_digits,sklearn,zero_shot,gemini,False,False,True,True,1.0,preflight/forward_pass,47.26
mlp_digits,sklearn,few_shot,gemini,False,False,True,True,1.0,preflight/forward_pass,51.88
mlp_digits,sklearn,structured,gemini,True,True,True,True,1.0,,24.38
mlp_digits,sklearn,zero_shot,ollama,False,False,True,True,1.0,preflight/data_load,3.63
mlp_digits,sklearn,few_shot,ollama,False,False,False,False,0.0,syntax,8.73
mlp_digits,sklearn,structured,ollama,False,False,False,False,0.0,syntax,3.65
svm_iris,sklearn,zero_shot,gemini,False,False,True,True,1.0,preflight/forward_pass,29.41
svm_iris,sklearn,few_shot,gemini,False,False,True,True,1.0,preflight/forward_pass,34.01
svm_iris,sklearn,structured,gemini,True,True,True,True,1.0,,31.38
svm_iris,sklearn,zero_shot,ollama,False,False,False,False,0.0,syntax,2.05
svm_iris,sklearn,few_shot,ollama,False,False,False,False,0.0,syntax,8.27
svm_iris,sklearn,structured,ollama,False,False,False,False,0.0,syntax,3.88
xgb_breast_cancer,xgboost,zero_shot,gemini,False,False,True,True,1.0,preflight/forward_pass,40.24
xgb_breast_cancer,xgboost,few_shot,gemini,False,False,True,True,1.0,preflight/forward_pass,50.22
xgb_breast_cancer,xgboost,structured,gemini,True,True,True,True,1.0,,39.55
xgb_breast_cancer,xgboost,zero_shot,ollama,False,False,False,False,0.0,syntax,2.47
xgb_breast_cancer,xgboost,few_shot,ollama,False,False,False,False,0.0,syntax,5.32
xgb_breast_cancer,xgboost,structured,ollama,False,False,False,False,0.0,syntax,3.98
mnist_main,pytorch,zero_shot,gemini,False,False,True,True,1.0,preflight/forward_pass,34.92
mnist_main,pytorch,few_shot,gemini,False,False,True,True,1.0,preflight/backward_pass,47.27
mnist_main,pytorch,structured,gemini,True,True,True,True,1.0,,216.72
mnist_main,pytorch,zero_shot,ollama,False,False,True,True,1.0,preflight/data_load,3.34
mnist_main,pytorch,few_shot,ollama,False,False,False,False,0.0,syntax,6.74
mnist_main,pytorch,structured,ollama,False,False,False,False,0.0,syntax,4.6
mnist_convnet,tensorflow,zero_shot,gemini,False,False,True,True,1.0,preflight/data_load,34.52
mnist_convnet,tensorflow,few_shot,gemini,False,False,True,True,1.0,preflight/data_load,45.5
mnist_convnet,tensorflow,structured,gemini,False,False,True,True,1.0,preflight/data_load,44.51
mnist_convnet,tensorflow,zero_shot,ollama,False,False,False,False,0.0,syntax,3.36
mnist_convnet,tensorflow,few_shot,ollama,False,False,False,False,0.0,syntax,3.15
mnist_convnet,tensorflow,structured,ollama,False,False,False,False,0.0,syntax,6.16
mnist_lite,lightning,zero_shot,gemini,False,False,True,True,1.0,preflight/forward_pass,45.09
mnist_lite,lightning,few_shot,gemini,False,False,True,True,1.0,preflight/forward_pass,42.99
mnist_lite,lightning,structured,gemini,True,True,True,True,1.0,,107.66
mnist_lite,lightning,zero_shot,ollama,False,False,True,True,1.0,preflight/data_load,5.11
mnist_lite,lightning,few_shot,ollama,False,False,False,False,0.0,syntax,4.62
mnist_lite,lightning,structured,ollama,False,False,False,False,0.0,syntax,6.85
