framework,script,provider,skill,original_e2e_runnable,drun_corrected_e2e_runnable,realapi_e2e_runnable,realapi_preflight_pass,realapi_error_stage,realapi_error_message_head,conversion_error
pytorch,dcgan_main,gemini,few_shot_corrected,False,True,False,False,preflight/data_load,"NameError: name 'DataLoader' is not defined | Traceback (most recent call last): |   File ""/home/holiday01/autofl/preflight/validator.py"", line 86, in run |     fn(result) |   File ""/home/holiday01/autofl/pre",
pytorch,imagenet_main,gemini,few_shot_corrected,False,False,False,False,preflight/data_load,"FileNotFoundError: [Errno 2] No such file or directory: './train' | Traceback (most recent call last): |   File ""/home/holiday01/autofl/preflight/validator.py"", line 86, in run |     fn(result) |   File ""/hom",
pytorch,mnist_main,gemini,few_shot_corrected,False,True,True,True,,,
tensorflow,image_classification_from_scratch,gemini,few_shot_corrected,False,False,False,False,preflight/data_load,"ModuleNotFoundError: No module named 'keras' | Traceback (most recent call last): |   File ""/home/holiday01/autofl/preflight/validator.py"", line 86, in run |     fn(result) |   File ""/home/holiday01/autofl/pr",
tensorflow,lstm_seq2seq,gemini,few_shot_corrected,False,False,False,False,preflight/data_load,"ModuleNotFoundError: No module named 'tensorflow' | Traceback (most recent call last): |   File ""/home/holiday01/autofl/preflight/validator.py"", line 86, in run |     fn(result) |   File ""/home/holiday01/auto",
tensorflow,mnist_convnet,gemini,few_shot_corrected,False,False,False,False,preflight/data_load,"ModuleNotFoundError: No module named 'tensorflow' | Traceback (most recent call last): |   File ""/home/holiday01/autofl/preflight/validator.py"", line 86, in run |     fn(result) |   File ""/home/holiday01/auto",
monai,mednist_tutorial,gemini,few_shot_corrected,False,False,False,False,preflight/data_load,"RuntimeError: LoadImage cannot find a suitable reader for file: IXI342-Guys-0909-T1.nii.gz. |     Please install the reader libraries, see also the installation instructions: |     https://docs.monai.io/e",
monai,spleen_segmentation_3d,gemini,few_shot_corrected,False,False,False,False,preflight/data_load,"ModuleNotFoundError: No module named 'nibabel' | Traceback (most recent call last): |   File ""/home/holiday01/autofl/preflight/validator.py"", line 86, in run |     fn(result) |   File ""/home/holiday01/autofl/",
lightning,backbone_image_classifier,gemini,few_shot_corrected,False,True,True,True,,,
lightning,mnist_lite,gemini,few_shot_corrected,True,True,True,True,,,
