framework,script,violations_in_original_train_step,original_e2e_runnable,original_error_stage,corrected_e2e_runnable,corrected_error_stage,cured_by_exemplar_fix,corrected_preflight_pass,corrected_error_message_head,data_path,data_path_exists,strict_data,spec_version,dataset_class,dataset_len,elapsed_sec
pytorch,dcgan_main,none,False,preflight/backward_pass,True,,True,True,,.,True,False,v1,FakeData,1000,10.27
pytorch,imagenet_main,"backward,opt.step,return .detach()",False,preflight/data_load,False,preflight/data_load,False,False,"FileNotFoundError: [Errno 2] No such file or directory: './train' | Traceback (most recent call last): |   File ""/home/holiday01/autofl/preflight/validator.py"", line 138, in run |     fn(result) |   File ""/ho",.,True,False,v1,,-1,1.84
pytorch,mnist_main,none,False,preflight/backward_pass,True,,True,True,,.,True,False,v1,MNIST,60000,239.11
tensorflow,image_classification_from_scratch,none,False,preflight/data_load,False,preflight/import_check,False,False,"ModuleNotFoundError: No module named 'keras' | Traceback (most recent call last): |   File ""<string>"", line 7, in <module> |   File ""<frozen importlib._bootstrap_external>"", line 940, in exec_module |   File ",.,True,False,v1,,-1,0.04
tensorflow,lstm_seq2seq,none,False,preflight/data_load,False,preflight/import_check,False,False,"ModuleNotFoundError: No module named 'keras' | Traceback (most recent call last): |   File ""<string>"", line 7, in <module> |   File ""<frozen importlib._bootstrap_external>"", line 940, in exec_module |   File ",.,True,False,v1,,-1,0.05
tensorflow,mnist_convnet,"backward,opt.step,return .detach()",False,preflight/data_load,False,preflight/import_check,False,False,"ModuleNotFoundError: No module named 'keras' | Traceback (most recent call last): |   File ""<string>"", line 7, in <module> |   File ""<frozen importlib._bootstrap_external>"", line 940, in exec_module |   File ",.,True,False,v1,,-1,0.74
monai,mednist_tutorial,"backward,opt.step,return .detach()",False,preflight/data_load,False,preflight/data_load,False,False,"ValueError: num_samples should be a positive integer value, but got num_samples=0 | Traceback (most recent call last): |   File ""/home/holiday01/autofl/preflight/validator.py"", line 138, in run |     fn(res",.,True,False,v1,,-1,6.14
monai,spleen_segmentation_3d,"backward,opt.step,return .detach()",False,preflight/data_load,True,,True,True,,.,True,False,v1,Dataset,20,25.24
lightning,backbone_image_classifier,"backward,opt.step,return .detach()",False,preflight/backward_pass,True,,True,True,,.,True,False,v1,MNIST,60000,12.06
lightning,mnist_lite,none,True,,True,,False,True,,.,True,False,v1,MNIST,60000,68.88
