framework,script,provider,skill,original_e2e_runnable,drun_corrected_e2e_runnable,realapi_e2e_runnable,realapi_preflight_pass,realapi_error_stage,realapi_error_message_head,conversion_error,data_path,data_path_exists,strict_data,spec_version,dataset_class,dataset_len,elapsed_sec
pytorch,dcgan_main,gemini,few_shot_corrected,False,True,False,False,preflight/import_check,"NameError: name 'DataLoader' is not defined | Traceback (most recent call last): |   File ""<string>"", line 7, in <module> |   File ""<frozen importlib._bootstrap_external>"", line 940, in exec_module |   File """,,.,True,False,v1,,-1,1.31
pytorch,imagenet_main,gemini,few_shot_corrected,False,False,False,False,preflight/data_load,"FileNotFoundError: [Errno 2] No such file or directory: './train' | Traceback (most recent call last): |   File ""/home/holiday01/autofl/preflight/validator.py"", line 138, in run |     fn(result) |   File ""/ho",,.,True,False,v1,,-1,1.8
pytorch,mnist_main,gemini,few_shot_corrected,False,True,True,True,,,,.,True,False,v1,MNIST,60000,215.44
tensorflow,image_classification_from_scratch,gemini,few_shot_corrected,False,False,False,False,preflight/import_check,"ModuleNotFoundError: No module named 'keras' | Traceback (most recent call last): |   File ""<string>"", line 7, in <module> |   File ""<frozen importlib._bootstrap_external>"", line 940, in exec_module |   File ",,.,True,False,v1,,-1,0.04
tensorflow,lstm_seq2seq,gemini,few_shot_corrected,False,False,False,False,preflight/import_check,"ModuleNotFoundError: No module named 'tensorflow' | Traceback (most recent call last): |   File ""<string>"", line 7, in <module> |   File ""<frozen importlib._bootstrap_external>"", line 940, in exec_module |   ",,.,True,False,v1,,-1,0.01
tensorflow,mnist_convnet,gemini,few_shot_corrected,False,False,False,False,preflight/import_check,"ModuleNotFoundError: No module named 'tensorflow' | Traceback (most recent call last): |   File ""<string>"", line 7, in <module> |   File ""<frozen importlib._bootstrap_external>"", line 940, in exec_module |   ",,.,True,False,v1,,-1,0.04
monai,mednist_tutorial,gemini,few_shot_corrected,False,False,False,False,preflight/data_load,"FileNotFoundError: No such file or no access: 'IXI577-HH-2661-T1.nii.gz' | Traceback (most recent call last): |   File ""/home/holiday01/.pyenv/versions/3.11.9/lib/python3.11/site-packages/nibabel/loadsave",,.,True,False,v1,ImageDataset,10,6.05
monai,spleen_segmentation_3d,gemini,few_shot_corrected,False,False,True,True,,,,.,True,False,v1,Dataset,20,27.76
lightning,backbone_image_classifier,gemini,few_shot_corrected,False,True,True,True,,,,.,True,False,v1,MNIST,60000,11.75
lightning,mnist_lite,gemini,few_shot_corrected,True,True,True,True,,,,.,True,False,v1,MNIST,60000,24.44
