script_name,stratum,framework,method,provider,sample,generated_path,timestamp,syntax_valid,interface_complete,build_model_present,build_dataloader_present,train_step_present,optimizer_detected,component_coverage,preflight_pass,e2e_runnable,error_stage,error_message,elapsed_sec,data_path,data_path_exists,strict_data,spec_version,dataset_class,dataset_len,llm_provider,llm_model,llm_input_tokens,llm_output_tokens,llm_thinking_tokens,llm_cost_usd,llm_cost_source,llm_elapsed_sec,llm_temperature,llm_dry_run,llm_price_version,template_model,template_train_step,n_rules,n_fallbacks,rules_fired,fallbacks_used,converter_warnings,convert_error,candidate_id,commit_sha,source_sha256,difficulty,post_cutoff,invariant_stress
vae_main,dev_new,pytorch,template,none,0,eval/_expansion/dev_new/none/vae_main_template_s0.py,2026-09-22T21:50:00,True,True,True,True,True,True,1.0,True,True,,,283.51,.,True,False,n/a,MNIST,60000,,,,,,,,,,,,none,extracted,9,0,"R1.1 model class VAE (instantiated at module level as model) | R2.2 data root bound to config['data_path'] (literal root) | R2.1 1 dataset candidate(s) emitted (data-flow linked to the training loader) | R2.3 candidates probed in try/except; synthetic fallback gated on allow_synthetic_data | R4 synthetic shape (1, 28, 28) / target=binary from: catalogue:MNIST=(1, 28, 28),10; model:first-Linear.in_features=784; model:last-Linear.out_features=784 | R3.1 train_step extracted from the training loop at line 95 in train() | R3.3 optimizer/backward/logging call sites scrubbed | R1 optimizer constructor detected: Adam(lr=0.001) [torch] | R6 imports tree-shaken to the names referenced by the generated module",,train_step: scrubbed: optimizer.zero_grad(),,C02,acc295dc7b90714f1bf47f06004fc19a7fe235c4,366116e8252ac68ef1f180cce0b3c017f5a957595d863c8d4904210a80cdab6d,easy,False,composite loss; model returns a tuple
mnist_rnn_main,dev_new,pytorch,template,none,0,eval/_expansion/dev_new/none/mnist_rnn_main_template_s0.py,2026-09-22T21:50:56,True,True,True,True,True,True,1.0,True,True,,,55.71,.,True,False,n/a,MNIST,60000,,,,,,,,,,,,none,extracted,9,0,"R1.1 model class Net (instantiated at main() as model) | R2.2 data root bound to config['data_path'] (literal root) | R2.1 1 dataset candidate(s) emitted (data-flow linked to the training loader) | R2.3 candidates probed in try/except; synthetic fallback gated on allow_synthetic_data | R4 synthetic shape (1, 28, 28) / target=class[10] from: catalogue:MNIST=(1, 28, 28),10; model:first-Linear.in_features=64; model:last-Linear.out_features=10; transform:channels=1 | R3.1 train_step extracted from the training loop at line 45 in train() | R3.3 optimizer/backward/logging call sites scrubbed | R1 optimizer constructor detected: Adadelta(lr=0.1) [torch] | R6 imports tree-shaken to the names referenced by the generated module",,train_step: scrubbed: optimizer.zero_grad(),,C10,acc295dc7b90714f1bf47f06004fc19a7fe235c4,ebd462cfda1fc8ace2160e8a99e6f97125802e645f924c049ed5e63a0666b019,easy,False,near-duplicate control of legacy mnist_main
bidirectional_lstm_imdb,dev_new,tensorflow,template,none,0,eval/_expansion/dev_new/none/bidirectional_lstm_imdb_template_s0.py,2026-09-22T21:51:01,True,True,True,True,True,True,1.0,True,True,,,3.25,.,True,False,n/a,TensorDataset,256,,,,,,,,,,,,none,generic,9,3,"R5.1 keras layer stack -> torch.nn.Sequential (static NHWC->NCHW shape tracking) | R5.1 keras Input shape (16,) -> channels-first (16,) | R5.1 final sigmoid folded into the loss (model returns logits) | R2.3 candidates probed in try/except; synthetic fallback gated on allow_synthetic_data | R4 synthetic shape (16,) / target=binary from: explicit:keras.Input=(16,); classes:keras.Input=1 | R3.8 generic train_step with detected loss binary_crossentropy (keras.compile) | R1 optimizer constructor detected: Adam() [keras.compile] | R6 unavailable/irrelevant framework imports dropped: keras | R6 imports tree-shaken to the names referenced by the generated module",no usable dataset construction found; synthetic data only | synthetic input shape could not be fully resolved from the source; defaults used | generic train_step (no training loop),no dataset candidate could be emitted; build_dataloader relies on synthetic data,,K10,bc58bcd7ecc24921b38b3c0ae85289a4e3bcdec4,32fb59288c1e59e69b52d0ee7d633c5fd46a354b2565ce17c0fe49e4dbf2b1a4,easy,False,padded integer sequences
oxford_pets_image_segmentation,dev_new,tensorflow,template,none,0,eval/_expansion/dev_new/none/oxford_pets_image_segmentation_template_s0.py,2026-09-22T21:51:06,True,True,True,True,True,True,1.0,True,True,,,4.16,.,True,False,n/a,TensorDataset,218,,,,,,,,,,,,generic,generic,6,3,"R2.3 candidates probed in try/except; synthetic fallback gated on allow_synthetic_data | R4 synthetic shape (3, 160, 160) / target=class[10] from: explicit:keras.Input=(3, 160, 160); default:classes=10 | R3.8 generic train_step with detected loss sparse_categorical_crossentropy (keras.compile) | R1 optimizer constructor detected: Adam(lr=0.0001) [keras.optimizers] | R6 unavailable/irrelevant framework imports dropped: keras, keras.utils, tensorflow | R6 imports tree-shaken to the names referenced by the generated module",generic model: non-linear functional graph (layers applied inside a loop) | no usable dataset construction found; synthetic data only | generic train_step (no training loop),no dataset candidate could be emitted; build_dataloader relies on synthetic data,,K01,bc58bcd7ecc24921b38b3c0ae85289a4e3bcdec4,80b58e01b0f0df6554a0d4167355797c2b2eae4fc2f9eeb90f0324e9d2a1d475,medium,False,"I4: synthetic must mimic (image, mask) uint8 pairs; tf.data pipeline from paths"
unet_training_array_2d,dev_new,monai,template,none,0,eval/_expansion/dev_new/none/unet_training_array_2d_template_s0.py,2026-09-22T21:51:18,True,True,True,True,True,True,1.0,True,True,,,10.2,.,True,False,n/a,TensorDataset,256,,,,,,,,,,,,none,extracted,12,0,"R1.2 library model constructor kept verbatim: monai.networks.nets.UNet (main()) | R2.2 data root bound to config['data_path'] (tempdir) | R3.5 data pipeline definitions hoisted: ['images', 'segs', 'train_imtrans', 'train_segtrans'] | R2.1 1 dataset candidate(s) emitted (data-flow linked to the training loader) | R2.3 candidates probed in try/except; synthetic fallback gated on allow_synthetic_data | R4 synthetic shape (1, 96, 96) / target=segmentation from: explicit:monai(in_channels,spatial)=(1, 96, 96); classes:monai.out_channels=1 | R3.1 train_step extracted from the training loop at line 112 in main() | R3.3 optimizer/backward/logging call sites scrubbed | R3.4 backward slice removed statements not feeding the loss | R3.5 hoisted from enclosing scopes: ['loss_function'] | R1 optimizer constructor detected: Adam(lr=0.001) [torch] | R6 imports tree-shaken to the names referenced by the generated module",,train_step: scrubbed: optimizer.zero_grad(),,M01,2ce51396477367791eb53b49cd62617b630d58dd,47d91450b9862585ebc7de164ab1fd30e3a1b0807df60d1dbc969952fe11019e,easy,False,none (clean baseline)
autoencoder,dev_new,lightning,template,none,0,eval/_expansion/dev_new/none/autoencoder_template_s0.py,2026-09-22T21:51:20,True,True,True,True,True,True,1.0,False,False,preflight/forward_pass,NameError: name 'self' is not defined,1.99,.,True,False,n/a,MNIST,60000,,,,,,,,,,,,none,extracted,18,0,"R5.2 LightningModule LitAutoEncoder used as the model (hooks stripped) | R2.2 data root bound to config['data_path'] (DATASETS_PATH) | R2.1 2 dataset candidate(s) emitted | R2.3 candidates probed in try/except; synthetic fallback gated on allow_synthetic_data | R4 synthetic shape (1, 28, 28) / target=regression from: catalogue:MNIST=(1, 28, 28),10; model:first-Linear.in_features=784; model:last-Linear.out_features=784 | R3.1 train_step extracted from the LightningModule.training_step | R5.2 base LightningModule -> nn.Module | R5.2 save_hyperparameters() -> SimpleNamespace hparams | R5.2 hook training_step() removed | R5.2 hook validation_step() removed | R5.2 hook test_step() removed | R5.2 hook predict_step() removed | R5.2 hook configure_optimizers() removed | R5.2 hook _common_step() removed | R1 optimizer constructor detected: Adam() [torch] | R2.4 lightning.pytorch.demos MNIST -> torchvision.datasets.MNIST | R6 unavailable/irrelevant framework imports dropped: lightning.pytorch, lightning.pytorch.cli, lightning.pytorch.demos.mnist_datamodule, lightning.pytorch.utilities, lightning.pytorch.utilities.imports | R6 imports tree-shaken to the names referenced by the generated module",,,,L01,84df182f50ab34301aabb3c0eb4031815bfb413d,fbd691666054c1ac7472df714d5e8b4cdfb912d5973d010cd6a6172cf6bf3255,easy,False,callback must be dropped
lgbm_sklearn_example,dev_new,lightgbm,template,none,0,eval/_expansion/dev_new/none/lgbm_sklearn_example_template_s0.py,2026-09-22T21:51:23,True,True,True,True,True,True,1.0,True,True,,,1.91,.,True,False,n/a,TensorDataset,256,,,,,,,,,,,,surrogate,generic,6,4,"R5.4 sklearn/XGBoost estimator LGBMRegressor -> MLP surrogate on (64,) | R2.3 candidates probed in try/except; synthetic fallback gated on allow_synthetic_data | R4 synthetic shape (64,) / target=regression from: default:input=(64,); default:classes=10 | R3.8 generic train_step with detected loss mean_squared_error (module-scan) | R1 optimizer constructor detected: AdamW() [default] | R6 imports tree-shaken to the names referenced by the generated module",surrogate model for a non-neural estimator | no usable dataset construction found; synthetic data only | synthetic input shape could not be fully resolved from the source; defaults used | generic train_step (no training loop),no dataset candidate could be emitted; build_dataloader relies on synthetic data,,N11,a0afb85496b1f483710d2a861330321eab794fff,51ba4b525dbc03a0ae612d5bdc6f2e2d0476c9171327ad91fb5b1cc10e03ef26,easy,False,third GBDT library; first regression target among non-DL
word_language_model_main,holdout,pytorch,template,none,0,eval/_expansion/holdout/none/word_language_model_main_template_s0.py,2026-09-22T21:53:47,True,True,True,True,True,False,0.75,False,False,preflight/import_exit,SystemExit(2) raised while evaluating the module (module-level parse_args()/sys.exit in the generated client; see the .log),4.1,.,True,False,n/a,,-1,,,,,,,,,,,,none,extracted,11,2,"R1.1 model class RNNModel (instantiated at module level as model) | R3.5 constructor arguments resolved from enclosing scopes / argparse defaults: ['corpus', 'data', 'ntokens'] | R2.3 candidates probed in try/except; synthetic fallback gated on allow_synthetic_data | R4 synthetic shape (64,) / target=class[10] from: default:input=(64,); default:classes=10 | R3.1 train_step extracted from the training loop at line 374 in train() | R3.4 backward slice removed statements not feeding the loss | R3.5 hoisted from enclosing scopes: ['args', 'corpus', 'criterion', 'data', 'ntokens', 'parser', 'train_data'] | R6 module-level constant args folded for get_batch | R6 module-level constant device folded for batchify | R1 optimizer constructor detected: AdamW(lr=20) [torch] | R6 imports tree-shaken to the names referenced by the generated module",no usable dataset construction found; synthetic data only | synthetic input shape could not be fully resolved from the source; defaults used,no dataset candidate could be emitted; build_dataloader relies on synthetic data,,C01,acc295dc7b90714f1bf47f06004fc19a7fe235c4,e42bcc0be0ad2815d50f3cace7a9fb5dcb38938f71c81d35fd56ca877b27767d,hard,False,"I1 (no optimizer object by default), I3 (detach on hidden state, not on loss)"
siamese_network_main,holdout,pytorch,template,none,0,eval/_expansion/holdout/none/siamese_network_main_template_s0.py,2026-09-22T22:39:06,True,True,True,True,True,True,1.0,True,True,,,2717.35,.,True,False,n/a,MNIST,60000,,,,,,,,,,,,none,extracted,10,0,"R1.1 model class SiameseNetwork (instantiated at main() as model) | R2.2 data root bound to config['data_path'] (literal root) | R2.1 1 dataset candidate(s) emitted (data-flow linked to the training loader) | R2.3 candidates probed in try/except; synthetic fallback gated on allow_synthetic_data | R4 synthetic shape (1, 28, 28) / target=binary from: catalogue:MNIST=(1, 28, 28),10; model:first-Conv2d.in_channels=1; model:last-Linear.out_features=1 | R3.1 train_step extracted from the training loop at line 196 in train() | R3.3 optimizer/backward/logging call sites scrubbed | R3.5 hoisted from enclosing scopes: ['criterion'] | R1 optimizer constructor detected: Adadelta(lr=1.0) [torch] | R6 imports tree-shaken to the names referenced by the generated module",,train_step: scrubbed: optimizer.zero_grad(),,C03,acc295dc7b90714f1bf47f06004fc19a7fe235c4,3d02a5162bfade18f66fc43abcbfe7e23091d626a1e3a71bb782f65a156c0d4e,medium,False,"custom Dataset returning (img1, img2, label)"
super_resolution_main,holdout,pytorch,template,none,0,eval/_expansion/holdout/none/super_resolution_main_template_s0.py,2026-09-22T22:39:11,True,True,True,True,True,True,1.0,False,False,preflight/forward_pass,TypeError: Net.__init__() missing 1 required positional argument: 'upscale_factor',3.82,.,True,False,n/a,TensorDataset,256,,,,,,,,,,,,none,extracted,8,1,"R1.1 model class Net (instantiated at module level as model) | R2.3 candidates probed in try/except; synthetic fallback gated on allow_synthetic_data | R4 synthetic shape (1, 32, 32) / target=regression from: model:first-Conv2d.in_channels=1; default:spatial=32; default:classes=10 | R3.1 train_step extracted from the training loop at line 197 in train() | R3.3 optimizer/backward/logging call sites scrubbed | R3.5 hoisted from enclosing scopes: ['criterion'] | R1 optimizer constructor detected: Adam(lr=0.01) [torch] | R6 imports tree-shaken to the names referenced by the generated module",no usable dataset construction found; synthetic data only,dropped unresolvable constructor kwarg upscale_factor of Net (class default used) | dataset candidate DatasetFromFolder (line 145) not emitted: unresolvable crop_size | dataset candidate DatasetFromFolder (line 155) not emitted: unresolvable crop_size | no dataset candidate could be emitted; build_dataloader relies on synthetic data | train_step: scrubbed: optimizer.zero_grad(),,C04,acc295dc7b90714f1bf47f06004fc19a7fe235c4,deddc828c00aa85b30771e2e37ae413234ba660ea3478b8cec96db8ead54d529,medium,False,multi-file (inlined); download in data helper
time_sequence_prediction_train,holdout,pytorch,template,none,0,eval/_expansion/holdout/none/time_sequence_prediction_train_template_s0.py,2026-09-22T22:39:17,True,True,True,True,True,True,1.0,False,False,preflight/forward_pass,"RuntimeError: mat1 and mat2 must have the same dtype, but got Double and Float",3.56,.,True,False,n/a,TensorDataset,256,,,,,,,,,,,,none,generic,6,2,"R1.1 model class Sequence (instantiated at module level as seq) | R2.3 candidates probed in try/except; synthetic fallback gated on allow_synthetic_data | R4 synthetic shape (51,) / target=regression from: model:first-Linear.in_features=51; model:last-Linear.out_features=1 | R3.8 generic train_step with detected loss MSELoss (module-scan) | R1 optimizer constructor detected: LBFGS(lr=0.8) [torch] | R6 imports tree-shaken to the names referenced by the generated module",no usable dataset construction found; synthetic data only | generic train_step (no training loop),no dataset candidate could be emitted; build_dataloader relies on synthetic data,,C05,acc295dc7b90714f1bf47f06004fc19a7fe235c4,3a5d6603cecf7bbf76f96a515dc6c9377849adeefe783edaf6f661bd02e80330,hard*,False,"I1/I2 out-of-contract (natural adversarial, expected-fail row)"
gcn_main,holdout,pytorch,template,none,0,eval/_expansion/holdout/none/gcn_main_template_s0.py,2026-09-22T22:39:22,True,True,True,True,True,True,1.0,False,False,preflight/forward_pass,FileNotFoundError: ./cora/cora.content not found.,3.73,.,True,False,n/a,TensorDataset,256,,,,,,,,,,,,none,generic,7,3,"R1.1 model class GCN (instantiated at module level as gcn) | R3.5 constructor arguments resolved from enclosing scopes / argparse defaults: ['device', 'features'] | R2.3 candidates probed in try/except; synthetic fallback gated on allow_synthetic_data | R4 synthetic shape (64,) / target=class[10] from: default:input=(64,); default:classes=10 | R3.8 generic train_step with detected loss NLLLoss (module-scan) | R1 optimizer constructor detected: Adam(lr=0.01, weight_decay=0.0005) [torch] | R6 imports tree-shaken to the names referenced by the generated module",no usable dataset construction found; synthetic data only | synthetic input shape could not be fully resolved from the source; defaults used | generic train_step (no training loop),no dataset candidate could be emitted; build_dataloader relies on synthetic data,,C06,acc295dc7b90714f1bf47f06004fc19a7fe235c4,152157088c7ac6c048aa28a4e69b3b59d68503bf24df96464054fdea7cacd76b,medium,False,build_dataloader must wrap a single full-graph batch
ct_3d_image_classification,holdout,tensorflow,template,none,0,eval/_expansion/holdout/none/ct_3d_image_classification_template_s0.py,2026-09-22T22:39:34,True,True,True,True,True,True,1.0,True,True,,,9.37,.,True,False,n/a,TensorDataset,16,,,,,,,,,,,,generic,generic,6,3,"R2.3 candidates probed in try/except; synthetic fallback gated on allow_synthetic_data | R4 synthetic shape (1, 128, 128, 64) / target=binary from: explicit:keras.Input=(1, 128, 128, 64); classes:keras.Input=1 | R3.8 generic train_step with detected loss binary_crossentropy (keras.compile) | R1 optimizer constructor detected: Adam(lr=lr_schedule) [keras.optimizers] | R6 unavailable/irrelevant framework imports dropped: keras, tensorflow | R6 imports tree-shaken to the names referenced by the generated module",generic model: unsupported keras layer/argument: Conv3D on rank-4 input | no usable dataset construction found; synthetic data only | generic train_step (no training loop),no dataset candidate could be emitted; build_dataloader relies on synthetic data,,K03,bc58bcd7ecc24921b38b3c0ae85289a4e3bcdec4,6c6bddd865ef350383f2f03cb78f797e725cb21a66c918b23abc59ba0ca6e294,medium,False,3-D volumes; medical
structured_data_classification_from_scratch,holdout,tensorflow,template,none,0,eval/_expansion/holdout/none/structured_data_classification_from_scratch_template_s0.py,2026-09-22T22:39:39,True,True,True,True,True,True,1.0,False,False,preflight/forward_pass,"RuntimeError: Expected floating point type for target with class probabilities, got Long",3.54,.,True,False,n/a,TensorDataset,256,,,,,,,,,,,,generic,generic,6,4,"R2.3 candidates probed in try/except; synthetic fallback gated on allow_synthetic_data | R4 synthetic shape (32,) / target=class[1] from: explicit:keras.Input=(32,); classes:keras.Input=1 | R3.8 generic train_step with detected loss cross_entropy (default) | R1 optimizer constructor detected: AdamW() [default] | R6 unavailable/irrelevant framework imports dropped: keras, tensorflow | R6 imports tree-shaken to the names referenced by the generated module",generic model: multi-input functional graph (2 keras.Input calls) | no usable dataset construction found; synthetic data only | synthetic input shape could not be fully resolved from the source; defaults used | generic train_step (no training loop),no dataset candidate could be emitted; build_dataloader relies on synthetic data,,K13,bc58bcd7ecc24921b38b3c0ae85289a4e3bcdec4,365ba2d070c6f3c325248d1584d87ad8b6897c5595bad5770b89f930c1a85ecc,hard,False,dict-of-features inputs; adapted layers; I4 synthetic must be a dict
timeseries_classification_from_scratch,holdout,tensorflow,template,none,0,eval/_expansion/holdout/none/timeseries_classification_from_scratch_template_s0.py,2026-09-22T22:39:45,True,True,True,True,True,True,1.0,True,True,,,3.54,.,True,False,n/a,TensorDataset,256,,,,,,,,,,,,generic,generic,6,4,"R2.3 candidates probed in try/except; synthetic fallback gated on allow_synthetic_data | R4 synthetic shape (64,) / target=class[10] from: default:input=(64,); default:classes=10 | R3.8 generic train_step with detected loss sparse_categorical_crossentropy (keras.compile) | R1 optimizer constructor detected: Adam() [keras.compile] | R6 unavailable/irrelevant framework imports dropped: keras | R6 imports tree-shaken to the names referenced by the generated module",generic model: no Sequential/add()/linear functional layer stack found | no usable dataset construction found; synthetic data only | synthetic input shape could not be fully resolved from the source; defaults used | generic train_step (no training loop),no dataset candidate could be emitted; build_dataloader relies on synthetic data,,K16,bc58bcd7ecc24921b38b3c0ae85289a4e3bcdec4,b96b755488bc77f5fab6da8e4c4498db53d2b0386c6ac7d139e8e043db3cf108,easy,False,callbacks dropped; -1/1 labels remapped
conditional_gan,holdout,tensorflow,template,none,0,eval/_expansion/holdout/none/conditional_gan_template_s0.py,2026-09-22T22:39:50,True,True,True,True,True,True,1.0,False,False,preflight/forward_pass,RuntimeError: mat1 and mat2 shapes cannot be multiplied (4x784 and 8624x128),3.61,.,True,False,n/a,MNIST,60000,,,,,,,,,,,,generic,generic,8,2,"R2.4 keras.datasets.mnist.load_data() -> torchvision.datasets.MNIST | R2.1 1 dataset candidate(s) emitted | R2.3 candidates probed in try/except; synthetic fallback gated on allow_synthetic_data | R4 synthetic shape (11, 28, 28) / target=binary from: explicit:keras.Input=(11, 28, 28); classes:keras.Input=6762; catalogue:mnist=(1, 28, 28),10 | R3.8 generic train_step with detected loss BinaryCrossentropy (module-scan) | R1 optimizer constructor detected: Adam(lr=0.0003) [keras.optimizers] | R6 unavailable/irrelevant framework imports dropped: keras, tensorflow | R6 imports tree-shaken to the names referenced by the generated module",generic model: multi-input functional graph (2 keras.Input calls) | generic train_step (no training loop),,,K23,bc58bcd7ecc24921b38b3c0ae85289a4e3bcdec4,352edfd740cf370f187f24fe573ca9620a447ebb320b454165afc39c52460171,hard,False,"I1 (two optimizers), I2 (GradientTape inside train_step)"
eeg_bci_ssvepformer,holdout,tensorflow,template,none,0,eval/_expansion/holdout/none/eeg_bci_ssvepformer_template_s0.py,2026-09-22T22:39:56,True,True,True,True,True,True,1.0,True,True,,,3.55,.,True,False,n/a,TensorDataset,256,,,,,,,,,,,,generic,generic,6,4,"R2.3 candidates probed in try/except; synthetic fallback gated on allow_synthetic_data | R4 synthetic shape (64,) / target=class[10] from: default:input=(64,); default:classes=10 | R3.8 generic train_step with detected loss sparse_categorical_crossentropy (keras.compile) | R1 optimizer constructor detected: SGD(lr=LR) [keras.optimizers] | R6 unavailable/irrelevant framework imports dropped: keras, tensorflow | R6 imports tree-shaken to the names referenced by the generated module",generic model: keras Input shape not found | no usable dataset construction found; synthetic data only | synthetic input shape could not be fully resolved from the source; defaults used | generic train_step (no training loop),no dataset candidate could be emitted; build_dataloader relies on synthetic data,,K31,bc58bcd7ecc24921b38b3c0ae85289a4e3bcdec4,1898fc19a347a056c01952f550df91e9db9bce5994aaddd833752d6d1b8c09be,medium,False,"fresh stratum (added 2025-02-06, after the Gemini 2.5 Flash cutoff)"
brain_tumor_segmentation,holdout,tensorflow,template,none,0,eval/_expansion/holdout/none/brain_tumor_segmentation_template_s0.py,2026-09-22T22:40:06,True,True,True,True,True,True,1.0,False,False,preflight/backward_pass,StopIteration: ,8.7,.,True,False,n/a,TensorDataset,8,,,,,,,,,,,,generic,generic,6,3,"R2.3 candidates probed in try/except; synthetic fallback gated on allow_synthetic_data | R4 synthetic shape (4, 96, 96, 96) / target=class[10] from: explicit:keras.Input=(4, 96, 96, 96); default:classes=10 | R3.8 generic train_step with detected loss cross_entropy (default) | R1 optimizer constructor detected: AdamW(lr=0.0001) [keras.optimizers] | R6 unavailable/irrelevant framework imports dropped: keras, tensorflow | R6 imports tree-shaken to the names referenced by the generated module",generic model: no Sequential/add()/linear functional layer stack found | no usable dataset construction found; synthetic data only | generic train_step (no training loop),no dataset candidate could be emitted; build_dataloader relies on synthetic data,,K30,bc58bcd7ecc24921b38b3c0ae85289a4e3bcdec4,a3611cd3ace1492ccbeaa6b36f66911e686c6990562e4b8cdc9ca968499e06ff,hard,True,"fresh stratum (added 2026-02-02, after every model cutoff); heavy deps (medicai, kagglehub)"
densenet_training_dict,holdout,monai,template,none,0,eval/_expansion/holdout/none/densenet_training_dict_template_s0.py,2026-09-22T22:40:42,True,True,True,True,True,True,1.0,True,True,,,32.48,.,True,False,n/a,_TemplateDictDataset,18,,,,,,,,,,,,none,extracted,12,0,"R1.2 library model constructor kept verbatim: monai.networks.nets.DenseNet121 (main()) | R3.5 data pipeline definitions hoisted: ['images', 'labels', 'train_files', 'train_transforms'] | R2.1 1 dataset candidate(s) emitted (data-flow linked to the training loader) | R2.3 candidates probed in try/except; synthetic fallback gated on allow_synthetic_data | R4 synthetic shape (1, 96, 96, 96) / target=class[2] from: explicit:monai(in_channels,spatial)=(1, 96, 96, 96); classes:monai.out_channels=2; batch:dict['img', 'label'] | R5.3 dict batches preserved with keys ['img', 'label'] | R3.1 train_step extracted from the training loop at line 113 in main() | R3.3 optimizer/backward/logging call sites scrubbed | R3.4 backward slice removed statements not feeding the loss | R3.5 hoisted from enclosing scopes: ['loss_function'] | R1 optimizer constructor detected: Adam(lr=1e-05) [torch] | R6 imports tree-shaken to the names referenced by the generated module",,train_step: scrubbed: optimizer.zero_grad(),,M03,2ce51396477367791eb53b49cd62617b630d58dd,593d90a8d75e9a6ee51e0461e6ac417f847b8a5af3b78d6ae2c30fb9e83c4df2,medium,False,I4 (data always absent)
unet_training_array_3d,holdout,monai,template,none,0,eval/_expansion/holdout/none/unet_training_array_3d_template_s0.py,2026-09-22T22:41:05,True,True,True,True,True,True,1.0,True,True,,,20.33,.,True,False,n/a,ImageDataset,20,,,,,,,,,,,,none,extracted,12,0,"R1.2 library model constructor kept verbatim: monai.networks.nets.UNet (main()) | R2.2 data root bound to config['data_path'] (tempdir) | R3.5 data pipeline definitions hoisted: ['images', 'segs', 'train_imtrans', 'train_segtrans'] | R2.1 1 dataset candidate(s) emitted (data-flow linked to the training loader) | R2.3 candidates probed in try/except; synthetic fallback gated on allow_synthetic_data | R4 synthetic shape (1, 96, 96, 96) / target=segmentation from: explicit:monai(in_channels,spatial)=(1, 96, 96, 96); classes:monai.out_channels=1 | R3.1 train_step extracted from the training loop at line 117 in main() | R3.3 optimizer/backward/logging call sites scrubbed | R3.4 backward slice removed statements not feeding the loss | R3.5 hoisted from enclosing scopes: ['loss_function'] | R1 optimizer constructor detected: Adam(lr=0.001) [torch] | R6 imports tree-shaken to the names referenced by the generated module",,train_step: scrubbed: optimizer.zero_grad(),,M04,2ce51396477367791eb53b49cd62617b630d58dd,8345326edae2b9c9b39391d23a9ea0b2850dfed4928a94c6e172b19d85ce694b,easy,False,none (array-style twin of legacy unet_training_dict)
densenet_regression_3d,holdout,monai,template,none,0,eval/_expansion/holdout/none/densenet_regression_3d_template_s0.py,2026-09-22T22:41:20,True,True,True,True,True,True,1.0,True,True,,,11.07,.,True,False,n/a,TensorDataset,256,,,,,,,,,,,,generic,extracted,11,2,"R2.2 data root bound to config['data_path'] (root_dir) | R3.5 data pipeline definitions hoisted: ['ages', 'images', 'train_transforms'] | R2.1 1 dataset candidate(s) emitted (data-flow linked to the training loader) | R2.3 candidates probed in try/except; synthetic fallback gated on allow_synthetic_data | R4 synthetic shape (64,) / target=regression from: transform:size=(96, 96); default:input=(64,); default:classes=10 | R3.1 train_step extracted from the training loop at line 157 (module level) | R3.3 optimizer/backward/logging call sites scrubbed | R3.4 backward slice removed statements not feeding the loss | R3.5 hoisted from enclosing scopes: ['loss_function'] | R1 optimizer constructor detected: Adam(lr=0.0001) [torch] | R6 imports tree-shaken to the names referenced by the generated module",generic model: no nn.Module class or model constructor found | synthetic input shape could not be fully resolved from the source; defaults used,train_step: scrubbed: optimizer.zero_grad(),,M13,2ce51396477367791eb53b49cd62617b630d58dd,e6da0ebeb7f49b597a7b3bd608d1889bfecb11788e758afb6724a9c1cec96416,medium,False,regression target; notebook conversion
transformer,holdout,lightning,template,none,0,eval/_expansion/holdout/none/transformer_template_s0.py,2026-09-22T22:41:25,True,True,True,True,True,True,1.0,False,False,preflight/forward_pass,TypeError: LanguageModel.__init__() missing 1 required positional argument: 'vocab_size',3.59,.,True,False,n/a,TensorDataset,256,,,,,,,,,,,,none,extracted,12,2,"R5.2 LightningModule LanguageModel used as the model (hooks stripped) | R2.3 candidates probed in try/except; synthetic fallback gated on allow_synthetic_data | R4 synthetic shape (64,) / target=class[10] from: default:input=(64,); default:classes=10 | R3.1 train_step extracted from the LightningModule.training_step | R5.2 base L.LightningModule -> nn.Module | R5.2 hook training_step() removed | R5.2 hook validation_step() removed | R5.2 hook test_step() removed | R5.2 hook configure_optimizers() removed | R1 optimizer constructor detected: SGD(lr=0.1) [torch] | R6 unavailable/irrelevant framework imports dropped: lightning, lightning.pytorch.demos | R6 imports tree-shaken to the names referenced by the generated module",no usable dataset construction found; synthetic data only | synthetic input shape could not be fully resolved from the source; defaults used,"dropped unresolvable constructor kwarg vocab_size of LanguageModel (class default used) | no dataset candidate could be emitted; build_dataloader relies on synthetic data | LanguageModel references 'Transformer', which could not be resolved at module level",,L02,84df182f50ab34301aabb3c0eb4031815bfb413d,417e7ceb2e0611d7656ea6ea72927c18a04dcf4fda824e3baca2645a9e464367,easy,False,tiny calibration item; vocab from dataset
computer_vision_fine_tuning,holdout,lightning,template,none,0,eval/_expansion/holdout/none/computer_vision_fine_tuning_template_s0.py,2026-09-22T22:41:35,True,True,True,True,True,True,1.0,False,False,preflight/forward_pass,NameError: name 'get_torchvision_model' is not defined,7.33,.,True,False,n/a,TensorDataset,111,,,,,,,,,,,,none,extracted,13,1,"R5.2 LightningModule TransferLearningModel used as the model (hooks stripped) | R2.3 candidates probed in try/except; synthetic fallback gated on allow_synthetic_data | R4 synthetic shape (3, 224, 224) / target=class[10] from: transform:channels=3; transform:size=(224, 224); default:classes=10 | R3.1 train_step extracted from the LightningModule.training_step | R3.4 backward slice removed statements not feeding the loss | R5.2 base LightningModule -> nn.Module | R5.2 save_hyperparameters() -> SimpleNamespace hparams | R5.2 hook training_step() removed | R5.2 hook validation_step() removed | R5.2 hook configure_optimizers() removed | R1 optimizer constructor detected: Adam() [torch] | R6 unavailable/irrelevant framework imports dropped: lightning.pytorch, lightning.pytorch.callbacks.finetuning, lightning.pytorch.cli, lightning.pytorch.utilities, lightning.pytorch.utilities.model_helpers | R6 imports tree-shaken to the names referenced by the generated module",no usable dataset construction found; synthetic data only,"dataset candidate ImageFolder (line 135) not emitted: unresolvable transform | no dataset candidate could be emitted; build_dataloader relies on synthetic data | TransferLearningModel references 'get_torchvision_model', which could not be resolved at module level",,L03,84df182f50ab34301aabb3c0eb4031815bfb413d,a8070a4d188e9d03c9977cc3939667dc4a82b3bc7d667907f6846317adce627c,hard,False,"frozen params, callback-driven parameter groups (I1)"
semantic_segmentation,holdout,lightning,template,none,0,eval/_expansion/holdout/none/semantic_segmentation_template_s0.py,2026-09-22T22:41:41,True,True,True,True,True,False,0.75,False,False,preflight/import_exit,SystemExit(2) raised while evaluating the module (module-level parse_args()/sys.exit in the generated client; see the .log),4.8,.,True,False,n/a,,-1,,,,,,,,,,,,none,extracted,16,2,"R5.2 LightningModule SegModel used as the model (hooks stripped) | R3.5 constructor arguments resolved from enclosing scopes / argparse defaults: ['hparams', 'parser'] | R2.3 candidates probed in try/except; synthetic fallback gated on allow_synthetic_data | R4 synthetic shape (64,) / target=class[10] from: transform:channels=3; default:input=(64,); default:classes=10 | R3.1 train_step extracted from the LightningModule.training_step | R5.2 base LightningModule -> nn.Module | R5.2 hook training_step() removed | R5.2 hook validation_step() removed | R5.2 hook configure_optimizers() removed | R5.2 hook train_dataloader() removed | R5.2 hook val_dataloader() removed | R6 module-level constant DEFAULT_VALID_LABELS folded for KITTI | R6 module-level constant DEFAULT_VOID_LABELS folded for KITTI | R1 optimizer constructor detected: Adam() [torch] | R6 unavailable/irrelevant framework imports dropped: lightning.pytorch | R6 imports tree-shaken to the names referenced by the generated module",no usable dataset construction found; synthetic data only | synthetic input shape could not be fully resolved from the source; defaults used,dataset candidate KITTI (line 340) not emitted: unresolvable self | dataset candidate KITTI (line 341) not emitted: unresolvable self | no dataset candidate could be emitted; build_dataloader relies on synthetic data,,L05,84df182f50ab34301aabb3c0eb4031815bfb413d,36dbd656bd216fa001654dfa57539cd5c4055fb9b3ebd152f0ac4cc73a7cc362,medium,False,built-in synthetic path is a ready-made I4 oracle
run_glue_no_trainer,holdout,huggingface,template,none,0,eval/_expansion/holdout/none/run_glue_no_trainer_template_s0.py,2026-09-22T22:41:46,True,True,True,True,True,True,1.0,True,True,,,3.74,.,True,False,n/a,TensorDataset,256,,,,,,,,,,,,generic,generic,5,4,"R2.3 candidates probed in try/except; synthetic fallback gated on allow_synthetic_data | R4 synthetic shape (64,) / target=class[10] from: default:input=(64,); default:classes=10 | R3.8 generic train_step with detected loss cross_entropy (default) | R1 optimizer constructor detected: AdamW(lr=5e-05) [torch] | R6 imports tree-shaken to the names referenced by the generated module",generic model: no nn.Module class or model constructor found | no usable dataset construction found; synthetic data only | synthetic input shape could not be fully resolved from the source; defaults used | generic train_step (loss variable 'accelerator' is not assigned in the loop body),no dataset candidate could be emitted; build_dataloader relies on synthetic data,,H02,2c4914fb939fe9de0d8e7a798af4684d552f18b4,f08c5b7079217b44409e4bf88738fb4bbe70b525919785b6229d0ab029396a1d,hard,False,I2 via accelerator; per-step scheduler; tokenizer collate; framework absent from dev
similarity_train,holdout,torchvision,template,none,0,eval/_expansion/holdout/none/similarity_train_template_s0.py,2026-09-22T23:41:46,False,False,False,False,False,False,0.0,False,False,timeout,evaluation exceeded --eval-timeout=3600s,3600.07,,False,False,,,-1,,,,,,,,,,,,none,extracted,12,0,"R1.1 model class EmbeddingNet (instantiated at main() as model) | R1.1 model class TripletMarginLoss (instantiated at main() as criterion) | R1.3 several networks trained in one loop -> TemplateModelBundle | R2.2 data root bound to config['data_path'] (args.dataset_dir) | R3.5 data pipeline definitions hoisted: ['transform'] | R2.1 1 dataset candidate(s) emitted (data-flow linked to the training loader) | R2.3 candidates probed in try/except; synthetic fallback gated on allow_synthetic_data | R4 synthetic shape (1, 224, 224) / target=class[10] from: catalogue:FashionMNIST=(1, 28, 28),10; transform:size=(224, 224) | R3.1 train_step extracted from the training loop at line 230 in train_epoch() | R3.3 optimizer/backward/logging call sites scrubbed | R1 optimizer constructor detected: Adam(lr=0.0001) [torch] | R6 imports tree-shaken to the names referenced by the generated module",,train_step: scrubbed: optimizer.zero_grad(),,T03,7b0e250acf82aac5a2389f54c6855da17bfeace9,273ef7c3c6fa8515a53dced26cc36faf769bcd835472761670428e3544934958,medium,False,custom PK batch sampler; multi-file (inlined)
plot_sgd_early_stopping,holdout,sklearn,template,none,0,eval/_expansion/holdout/none/plot_sgd_early_stopping_template_s0.py,2026-09-22T23:42:13,True,True,True,True,True,True,1.0,True,True,,,24.93,.,True,False,n/a,TensorDataset,256,,,,,,,,,,,,surrogate,generic,8,3,"R5.4 sklearn/XGBoost estimator SGDClassifier -> MLP surrogate on (64,) | R2.4 sklearn.datasets.fetch_openml() -> TensorDataset | R2.1 1 dataset candidate(s) emitted | R2.3 candidates probed in try/except; synthetic fallback gated on allow_synthetic_data | R4 synthetic shape (64,) / target=class[10] from: default:input=(64,); default:classes=10 | R3.8 generic train_step with detected loss cross_entropy (default) | R1 optimizer constructor detected: AdamW() [default] | R6 imports tree-shaken to the names referenced by the generated module",surrogate model for a non-neural estimator | synthetic input shape could not be fully resolved from the source; defaults used | generic train_step (no training loop),,,N03,2df5847f9c9722fbd333dfc1147f99b9d8de4c74,f906090d6caeaa2486621241cff3d5554a8c945b0539baa8c39013c4e9e6b444,easy,False,linear model (exact FedAvg proxy exists); plotting code must be stripped
xgb_sklearn_examples,holdout,xgboost,template,none,0,eval/_expansion/holdout/none/xgb_sklearn_examples_template_s0.py,2026-09-22T23:42:19,True,True,True,True,True,True,1.0,True,True,,,4.23,.,True,False,n/a,TensorDataset,360,,,,,,,,,,,,surrogate,generic,11,2,"R5.4 sklearn/XGBoost estimator XGBRegressor -> MLP surrogate on (64,) | R2.4 sklearn.datasets.load_digits() -> TensorDataset | R2.4 sklearn.datasets.load_iris() -> TensorDataset | R2.4 sklearn.datasets.fetch_california_housing() -> TensorDataset | R2.4 sklearn.datasets.make_regression() -> TensorDataset | R2.1 4 dataset candidate(s) emitted | R2.3 candidates probed in try/except; synthetic fallback gated on allow_synthetic_data | R4 synthetic shape (64,) / target=regression from: explicit:sklearn.load_digits=(64,); classes:sklearn.load_digits=10; catalogue:load_digits=(64,),10 | R3.8 generic train_step with detected loss mean_squared_error (module-scan) | R1 optimizer constructor detected: AdamW() [default] | R6 imports tree-shaken to the names referenced by the generated module",surrogate model for a non-neural estimator | generic train_step (no training loop),,,N07,09bd738f3ca1e12d8ac0aef95035be2bfefda717,8a0bfcd834bff76de98eb2f199ffa86cd8df5d9deaf2a6a43f66862ef26c6ef8,medium,False,several tasks in one script; which estimator is 'the' model
mnist_detach_logging,adversarial,pytorch,template,none,0,eval/_expansion/adversarial/none/mnist_detach_logging_template_s0.py,2026-09-22T23:44:06,True,True,True,True,True,True,1.0,True,True,,,106.21,.,True,False,n/a,MNIST,60000,,,,,,,,,,,,none,extracted,10,0,"R1.1 model class Net (instantiated at main() as model) | R2.2 data root bound to config['data_path'] (literal root) | R3.5 data pipeline definitions hoisted: ['transform'] | R2.1 1 dataset candidate(s) emitted (data-flow linked to the training loader) | R2.3 candidates probed in try/except; synthetic fallback gated on allow_synthetic_data | R4 synthetic shape (1, 28, 28) / target=class[10] from: catalogue:MNIST=(1, 28, 28),10; model:first-Conv2d.in_channels=1; model:last-Linear.out_features=10; transform:channels=1 | R3.1 train_step extracted from the training loop at line 64 in train() | R3.3 optimizer/backward/logging call sites scrubbed | R1 optimizer constructor detected: Adadelta(lr=1.0) [torch] | R6 imports tree-shaken to the names referenced by the generated module",,train_step: scrubbed: optimizer.zero_grad(),,A1,n/a (constructed 2026-09-22; parent sha256 30a3359d1911d2d859dd090ce20be7ed132a33f508dc389f40366010b3e9ecc8),0bcb7afcd15fc204f2035022dcd0b2735b253777070327d82bc492fed4c46d9d,easy,True,I3 (the returned loss must stay attached to the graph; the legitimate .detach() calls in logging must not propagate into train_step's return value)
mnist_two_optimizers,adversarial,pytorch,template,none,0,eval/_expansion/adversarial/none/mnist_two_optimizers_template_s0.py,2026-09-22T23:45:56,True,True,True,True,True,True,1.0,True,True,,,107.91,.,True,False,n/a,MNIST,60000,,,,,,,,,,,,none,extracted,10,0,"R1.1 model class Net (instantiated at main() as model) | R2.2 data root bound to config['data_path'] (literal root) | R3.5 data pipeline definitions hoisted: ['transform'] | R2.1 1 dataset candidate(s) emitted (data-flow linked to the training loader) | R2.3 candidates probed in try/except; synthetic fallback gated on allow_synthetic_data | R4 synthetic shape (1, 28, 28) / target=class[10] from: catalogue:MNIST=(1, 28, 28),10; model:first-Conv2d.in_channels=1; model:last-Linear.out_features=10; transform:channels=1 | R3.1 train_step extracted from the training loop at line 75 in train() | R3.3 optimizer/backward/logging call sites scrubbed | R1 optimizer constructor detected: SGD(lr=0.01, momentum=0.9) [torch] | R6 imports tree-shaken to the names referenced by the generated module",,train_step: scrubbed: opt_f.zero_grad() | train_step: scrubbed: opt_h.zero_grad(),,A2,n/a (constructed 2026-09-22; parent sha256 30a3359d1911d2d859dd090ce20be7ed132a33f508dc389f40366010b3e9ecc8),431ed420e70339a9d7ce0cc2e5e8273fe6544f9380fc6eabf728d92bac3ed2f4,medium,True,I1 (the harness owns the single optimizer; the converter must not construct or step either optimizer inside train_step)
backbone_manual_optimization,adversarial,lightning,template,none,0,eval/_expansion/adversarial/none/backbone_manual_optimization_template_s0.py,2026-09-22T23:46:10,True,True,True,True,True,True,1.0,True,True,,,12.7,.,True,False,n/a,MNIST,60000,,,,,,,,,,,,none,extracted,17,0,"R5.2 LightningModule LitClassifier used as the model (hooks stripped) | R2.2 data root bound to config['data_path'] (DATASETS_PATH) | R2.1 2 dataset candidate(s) emitted | R2.3 candidates probed in try/except; synthetic fallback gated on allow_synthetic_data | R4 synthetic shape (1, 28, 28) / target=class[10] from: catalogue:MNIST=(1, 28, 28),10 | R3.1 train_step extracted from the LightningModule.training_step | R5.2 base LightningModule -> nn.Module | R5.2 save_hyperparameters() -> SimpleNamespace hparams | R5.2 hook training_step() removed | R5.2 hook validation_step() removed | R5.2 hook test_step() removed | R5.2 hook predict_step() removed | R5.2 hook configure_optimizers() removed | R1 optimizer constructor detected: Adam() [torch] | R2.4 lightning.pytorch.demos MNIST -> torchvision.datasets.MNIST | R6 unavailable/irrelevant framework imports dropped: lightning.pytorch, lightning.pytorch.cli, lightning.pytorch.demos.mnist_datamodule, lightning.pytorch.utilities.imports | R6 imports tree-shaken to the names referenced by the generated module",,,,A3,n/a (constructed 2026-09-22; parent sha256 a34c1eda8065de16185466d8abba545e770567a639c0f4e49b9f630523b2db1b),4e0847c87d80bed3e2c19a693e331c1c2f49b916a17cda9e4d13989432ecfeed,medium,True,"I2 (+I1): the backward pass is hidden behind `self.manual_backward`, the optimizer is stepped by the module, and the LR scheduler is stepped per batch"
mnist_convnet_tfdata_missing_dir,adversarial,tensorflow,template,none,0,eval/_expansion/adversarial/none/mnist_convnet_tfdata_missing_dir_template_s0.py,2026-09-22T23:46:34,True,True,True,True,True,True,1.0,True,True,,,22.59,.,True,False,n/a,MNIST,60000,,,,,,,,,,,,none,generic,12,1,"R5.1 keras layer stack -> torch.nn.Sequential (static NHWC->NCHW shape tracking) | R5.1 keras Input shape (28, 28, 1) -> channels-first (1, 28, 28) | R5.1 final softmax folded into the loss (model returns logits) | R2.4 keras.datasets.mnist.load_data() -> torchvision.datasets.MNIST | R2.4 keras image_dataset_from_directory -> torchvision ImageFolder(+Resize, ToTensor) | R2.1 2 dataset candidate(s) emitted | R2.3 candidates probed in try/except; synthetic fallback gated on allow_synthetic_data | R4 synthetic shape (1, 28, 28) / target=class[10] from: explicit:keras.Input=(1, 28, 28); classes:keras.Input=10; catalogue:mnist=(1, 28, 28),10 | R3.8 generic train_step with detected loss categorical_crossentropy (keras.compile) | R1 optimizer constructor detected: Adam() [keras.compile] | R6 unavailable/irrelevant framework imports dropped: keras, tensorflow | R6 imports tree-shaken to the names referenced by the generated module",generic train_step (no training loop),,,A4,n/a (constructed 2026-09-22; parent sha256 438794ffd9e4e0bbc2f4400ad76598ce37c93481446adbdbc3529951fa2f6d67),e14ffed579027340c38693ce9bc8cc97791813dd0bbf2abd0c80df53d6c3f3c1,medium,True,"I4 (the synthetic fallback must reproduce the element structure of a tf.data pipeline built from a missing directory: image float32 [B,28,28,1] (uint8 PNG scaled by the map), one-hot label float32 [B,10]) plus tf.data handling (map/cache/shuffle/batch/prefetch)"
imagenet_amp_scaler_stepsched,adversarial,pytorch,template,none,0,eval/_expansion/adversarial/none/imagenet_amp_scaler_stepsched_template_s0.py,2026-09-22T23:46:44,True,True,True,True,True,True,1.0,True,True,,,8.91,.,True,False,n/a,TensorDataset,111,,,,,,,,,,,,none,extracted,11,0,"R1.2 library model constructor kept verbatim: models.__dict__ (main_worker()) | R2.2 data root bound to config['data_path'] (args.data) | R3.5 data pipeline definitions hoisted: ['normalize', 'traindir'] | R2.1 1 dataset candidate(s) emitted (data-flow linked to the training loader) | R2.3 candidates probed in try/except; synthetic fallback gated on allow_synthetic_data | R4 synthetic shape (3, 224, 224) / target=class[1000] from: explicit:FakeData=(3, 224, 224); classes:FakeData=1000 | R3.1 train_step extracted from the training loop at line 364 in train() | R3.4 backward slice removed statements not feeding the loss | R3.5 hoisted from enclosing scopes: ['criterion'] | R1 optimizer constructor detected: SGD(lr=0.1, momentum=0.9, weight_decay=0.0001) [torch] | R6 imports tree-shaken to the names referenced by the generated module",,,,A5,n/a (constructed 2026-09-22; parent sha256 f67ca2cd730bf91afe0504694abf07b88cbd03ac8c8a0426023620d29175c158),762d5344316800b69778140a195bba0ae5b9aaa50e9c194bbd90d458b4a6612b,hard,True,"I1 + I2 + I3 combined: scaled loss (`scaler.scale(loss).backward()`), scaler-owned optimizer step with unscale + gradient clipping, and a per-batch `scheduler.step()`; the converter must return the UNSCALED, attached loss and leave AMP to the runtime"
