stratum,framework,stem,path,upstream_url,commit_sha,sha256,lines,task_type,dataset_needed,download_needed,loop_style,invariant_stress,difficulty,first_commit_date,post_cutoff,notes,candidate_id,repo,repo_path,file_last_commit_sha,file_last_commit_date,upstream_raw_sha256,byte_identical_to_upstream,materialization,fetch_date
dev_new,pytorch,vae_main,benchmarks/expansion/dev/pytorch/vae_main.py,https://github.com/pytorch/examples/blob/acc295dc7b90714f1bf47f06004fc19a7fe235c4/vae/main.py,acc295dc7b90714f1bf47f06004fc19a7fe235c4,366116e8252ac68ef1f180cce0b3c017f5a957595d863c8d4904210a80cdab6d,139,generative (VAE),MNIST (torchvision),True,"custom loop, Adam, custom BCE+KLD loss",composite loss; model returns a tuple,easy,2017-01-17,False,"single-file upstream script, copied byte-for-byte",C02,pytorch/examples,vae/main.py,fcce71c1f0ae34bef104aeea8e0e008ea58058a8,2025-06-15,366116e8252ac68ef1f180cce0b3c017f5a957595d863c8d4904210a80cdab6d,True,verbatim,2026-09-22
dev_new,pytorch,mnist_rnn_main,benchmarks/expansion/dev/pytorch/mnist_rnn_main.py,https://github.com/pytorch/examples/blob/acc295dc7b90714f1bf47f06004fc19a7fe235c4/mnist_rnn/main.py,acc295dc7b90714f1bf47f06004fc19a7fe235c4,ebd462cfda1fc8ace2160e8a99e6f97125802e645f924c049ed5e63a0666b019,142,sequence classification (LSTM over image rows),MNIST (torchvision),True,"custom loop, Adadelta + StepLR",near-duplicate control of legacy mnist_main,easy,2022-10-27,False,"single-file upstream script, copied byte-for-byte",C10,pytorch/examples,mnist_rnn/main.py,65722fe3ce14447420cf922fdd713bfe900b410f,2025-04-30,ebd462cfda1fc8ace2160e8a99e6f97125802e645f924c049ed5e63a0666b019,True,verbatim,2026-09-22
dev_new,tensorflow,bidirectional_lstm_imdb,benchmarks/expansion/dev/tensorflow/bidirectional_lstm_imdb.py,https://github.com/keras-team/keras-io/blob/bc58bcd7ecc24921b38b3c0ae85289a4e3bcdec4/examples/nlp/bidirectional_lstm_imdb.py,bc58bcd7ecc24921b38b3c0ae85289a4e3bcdec4,32fb59288c1e59e69b52d0ee7d633c5fd46a354b2565ce17c0fe49e4dbf2b1a4,64,sequence classification,IMDB (keras.datasets),True,model.fit,padded integer sequences,easy,2020-05-06,False,"single-file upstream script, copied byte-for-byte",K10,keras-team/keras-io,examples/nlp/bidirectional_lstm_imdb.py,ba29b2832bfe36b4e4d06bc629882ef547522bdb,2026-01-21,32fb59288c1e59e69b52d0ee7d633c5fd46a354b2565ce17c0fe49e4dbf2b1a4,True,verbatim,2026-09-22
dev_new,tensorflow,oxford_pets_image_segmentation,benchmarks/expansion/dev/tensorflow/oxford_pets_image_segmentation.py,https://github.com/keras-team/keras-io/blob/bc58bcd7ecc24921b38b3c0ae85289a4e3bcdec4/examples/vision/oxford_pets_image_segmentation.py,bc58bcd7ecc24921b38b3c0ae85289a4e3bcdec4,80b58e01b0f0df6554a0d4167355797c2b2eae4fc2f9eeb90f0324e9d2a1d475,275,segmentation (2-D),"Oxford-IIIT Pets images+annotations tarballs (curl, ~800 MB)",True,"tf.data from file paths + model.fit, RMSprop","I4: synthetic must mimic (image, mask) uint8 pairs; tf.data pipeline from paths",medium,2020-05-06,False,"single-file upstream script, copied byte-for-byte",K01,keras-team/keras-io,examples/vision/oxford_pets_image_segmentation.py,cfff377988c150d04686f7c49f3cd8c1f25e43a8,2026-01-21,80b58e01b0f0df6554a0d4167355797c2b2eae4fc2f9eeb90f0324e9d2a1d475,True,verbatim,2026-09-22
dev_new,monai,unet_training_array_2d,benchmarks/expansion/dev/monai/unet_training_array_2d.py,https://github.com/Project-MONAI/tutorials/blob/2ce51396477367791eb53b49cd62617b630d58dd/2d_segmentation/torch/unet_training_array.py,2ce51396477367791eb53b49cd62617b630d58dd,47d91450b9862585ebc7de164ab1fd30e3a1b0807df60d1dbc969952fe11019e,169,segmentation (2-D),synthetic create_test_image_2d written to tempdir,False,"custom loop, Adam, DiceLoss, ArrayDataset",none (clean baseline),easy,2020-09-21,False,"single-file upstream script, copied byte-for-byte",M01,Project-MONAI/tutorials,2d_segmentation/torch/unet_training_array.py,4b2771acbd053683854a8559d9dbc59c7c8703a7,2023-01-21,47d91450b9862585ebc7de164ab1fd30e3a1b0807df60d1dbc969952fe11019e,True,verbatim,2026-09-22
dev_new,lightning,autoencoder,benchmarks/expansion/dev/lightning/autoencoder.py,https://github.com/Lightning-AI/pytorch-lightning/blob/84df182f50ab34301aabb3c0eb4031815bfb413d/examples/pytorch/basics/autoencoder.py,84df182f50ab34301aabb3c0eb4031815bfb413d,fbd691666054c1ac7472df714d5e8b4cdfb912d5973d010cd6a6172cf6bf3255,196,generative (autoencoder),MNIST via lightning.pytorch.demos,True,"LightningModule + LightningCLI, automatic optimization, image-sampler callback",callback must be dropped,easy,2023-03-07,False,"single-file upstream script, copied byte-for-byte; ancestor pl_examples 2020-09-23",L01,Lightning-AI/pytorch-lightning,examples/pytorch/basics/autoencoder.py,1b26ac4cf5c82500426a9c65f04514f3d02be84e,2025-01-07,fbd691666054c1ac7472df714d5e8b4cdfb912d5973d010cd6a6172cf6bf3255,True,verbatim,2026-09-22
dev_new,lightgbm,lgbm_sklearn_example,benchmarks/expansion/dev/lightgbm/lgbm_sklearn_example.py,https://github.com/microsoft/LightGBM/blob/a0afb85496b1f483710d2a861330321eab794fff/examples/python-guide/sklearn_example.py,a0afb85496b1f483710d2a861330321eab794fff,51ba4b525dbc03a0ae612d5bdc6f2e2d0476c9171327ad91fb5b1cc10e03ef26,80,regression (tabular),"regression.train/.test bundled in the LightGBM repo (relative path ../regression/, absent here)",False,LGBMRegressor.fit + early stopping + GridSearchCV,third GBDT library; first regression target among non-DL,easy,2016-12-02,False,"single-file upstream script, copied byte-for-byte; lightgbm is not installed in the evaluation environment; template surrogate does not import it",N11,microsoft/LightGBM,examples/python-guide/sklearn_example.py,a7d00a96116304eb1866c1e8642f5d5e079011e1,2026-04-01,51ba4b525dbc03a0ae612d5bdc6f2e2d0476c9171327ad91fb5b1cc10e03ef26,True,verbatim,2026-09-22
holdout,pytorch,word_language_model_main,benchmarks/expansion/holdout/pytorch/word_language_model_main.py,https://github.com/pytorch/examples/blob/acc295dc7b90714f1bf47f06004fc19a7fe235c4/word_language_model/main.py,acc295dc7b90714f1bf47f06004fc19a7fe235c4,e42bcc0be0ad2815d50f3cace7a9fb5dcb38938f71c81d35fd56ca877b27767d,493,"sequence (word-level LM, LSTM/Transformer)",WikiText-2 text bundled in repo dir ./data/wikitext-2 (absent here),False,manual SGD p.data.add_ unless --use-optimizer (AdamW); repackage_hidden() detaches hidden state; grad clipping,"I1 (no optimizer object by default), I3 (detach on hidden state, not on loss)",hard,2016-10-17,False,siblings data.py + model.py inlined at their import sites; `import data` replaced by a SimpleNamespace shim so `data.Corpus(args.data)` stays verbatim; entry code otherwise unchanged; multi-file: data.py + model.py inlined,C01,pytorch/examples,word_language_model/main.py,28d16ffaa50702f18cae7eba7c67bf03794770cd,2025-08-23,391de12bb7c6e07dbb105d47d017632bf80c01d2e5b25adbf83da9cdcdd5a862,False,inlined,2026-09-22
holdout,pytorch,siamese_network_main,benchmarks/expansion/holdout/pytorch/siamese_network_main.py,https://github.com/pytorch/examples/blob/acc295dc7b90714f1bf47f06004fc19a7fe235c4/siamese_network/main.py,acc295dc7b90714f1bf47f06004fc19a7fe235c4,3d02a5162bfade18f66fc43abcbfe7e23091d626a1e3a71bb782f65a156c0d4e,302,classification (pairwise / metric),MNIST (torchvision),True,"custom pair Dataset, torchvision resnet18 backbone, BCELoss, Adadelta + StepLR","custom Dataset returning (img1, img2, label)",medium,2022-05-05,False,"single-file upstream script, copied byte-for-byte",C03,pytorch/examples,siamese_network/main.py,fcce71c1f0ae34bef104aeea8e0e008ea58058a8,2025-06-15,3d02a5162bfade18f66fc43abcbfe7e23091d626a1e3a71bb782f65a156c0d4e,True,verbatim,2026-09-22
holdout,pytorch,super_resolution_main,benchmarks/expansion/holdout/pytorch/super_resolution_main.py,https://github.com/pytorch/examples/blob/acc295dc7b90714f1bf47f06004fc19a7fe235c4/super_resolution/main.py,acc295dc7b90714f1bf47f06004fc19a7fe235c4,deddc828c00aa85b30771e2e37ae413234ba660ea3478b8cec96db8ead54d529,232,image-to-image regression (ESPCN super-resolution),BSD300 auto-download in data.py,True,"custom loop, Adam, MSE",multi-file (inlined); download in data helper,medium,2017-01-13,False,"siblings model.py, dataset.py, data.py inlined at their import sites (data.py's own `from dataset import DatasetFromFolder` commented out because dataset.py precedes it); entry code otherwise unchanged; multi-file: model.py + dataset.py + data.py inlined",C04,pytorch/examples,super_resolution/main.py,6f616144dffdc9cdee82d4690c9885070ea4e2e3,2025-06-24,acdcf648d0da4f5c441f8b97c82a140eeed2a248444a9945de1ec3315ff424cb,False,inlined,2026-09-22
holdout,pytorch,time_sequence_prediction_train,benchmarks/expansion/holdout/pytorch/time_sequence_prediction_train.py,https://github.com/pytorch/examples/blob/acc295dc7b90714f1bf47f06004fc19a7fe235c4/time_sequence_prediction/train.py,acc295dc7b90714f1bf47f06004fc19a7fe235c4,3a5d6603cecf7bbf76f96a515dc6c9377849adeefe783edaf6f661bd02e80330,90,sequence regression (LSTM),synthetic sine wave traindata.pt written by generate_sine_wave.py (absent here),False,LBFGS with closure: backward() runs inside optimizer.step(closure),"I1/I2 out-of-contract (natural adversarial, expected-fail row)",hard*,2017-04-05,False,"single-file upstream script, copied byte-for-byte (sibling generate_sine_wave.py only writes traindata.pt; it is not imported, so not inlined); natural adversarial; report separately as expected-fail",C05,pytorch/examples,time_sequence_prediction/train.py,2c57b0011a096aef83da3b5265a14db2f80cb124,2020-10-03,3a5d6603cecf7bbf76f96a515dc6c9377849adeefe783edaf6f661bd02e80330,True,verbatim,2026-09-22
holdout,pytorch,gcn_main,benchmarks/expansion/holdout/pytorch/gcn_main.py,https://github.com/pytorch/examples/blob/acc295dc7b90714f1bf47f06004fc19a7fe235c4/gcn/main.py,acc295dc7b90714f1bf47f06004fc19a7fe235c4,152157088c7ac6c048aa28a4e69b3b59d68503bf24df96464054fdea7cacd76b,256,"node classification (graph, GCN)",Cora tgz (URL download in script),True,"full-batch training (no DataLoader), Adam, mask-based loss",build_dataloader must wrap a single full-graph batch,medium,2023-06-12,False,"single-file upstream script, copied byte-for-byte",C06,pytorch/examples,gcn/main.py,d47f0f34f18c8a16ed3d9bf264305b8f988a7c93,2025-07-10,152157088c7ac6c048aa28a4e69b3b59d68503bf24df96464054fdea7cacd76b,True,verbatim,2026-09-22
holdout,tensorflow,ct_3d_image_classification,benchmarks/expansion/holdout/tensorflow/ct_3d_image_classification.py,https://github.com/keras-team/keras-io/blob/bc58bcd7ecc24921b38b3c0ae85289a4e3bcdec4/examples/vision/3D_image_classification.py,bc58bcd7ecc24921b38b3c0ae85289a4e3bcdec4,6c6bddd865ef350383f2f03cb78f797e725cb21a66c918b23abc59ba0ca6e294,444,"classification (3-D CT, medical)",MosMedData CT-0/CT-23 zips via keras get_file (~1.2 GB),True,tf.data with map(rotate) + model.fit; Adam + ExponentialDecay; nibabel/scipy preprocessing,3-D volumes; medical,medium,2020-09-25,False,"single-file upstream script, copied byte-for-byte",K03,keras-team/keras-io,examples/vision/3D_image_classification.py,cfff377988c150d04686f7c49f3cd8c1f25e43a8,2026-01-21,6c6bddd865ef350383f2f03cb78f797e725cb21a66c918b23abc59ba0ca6e294,True,verbatim,2026-09-22
holdout,tensorflow,structured_data_classification_from_scratch,benchmarks/expansion/holdout/tensorflow/structured_data_classification_from_scratch.py,https://github.com/keras-team/keras-io/blob/bc58bcd7ecc24921b38b3c0ae85289a4e3bcdec4/examples/structured_data/structured_data_classification_from_scratch.py,bc58bcd7ecc24921b38b3c0ae85289a4e3bcdec4,365ba2d070c6f3c325248d1584d87ad8b6897c5595bad5770b89f930c1a85ecc,428,tabular classification,heart.csv (URL via pandas),True,"tf.data from_tensor_slices((dict(df), labels)); Keras preprocessing layers adapted on data; model.fit",dict-of-features inputs; adapted layers; I4 synthetic must be a dict,hard,2020-06-10,False,"single-file upstream script, copied byte-for-byte",K13,keras-team/keras-io,examples/structured_data/structured_data_classification_from_scratch.py,fb0ed4df868bdde887962afb36f217aa129c3b85,2025-01-25,365ba2d070c6f3c325248d1584d87ad8b6897c5595bad5770b89f930c1a85ecc,True,verbatim,2026-09-22
holdout,tensorflow,timeseries_classification_from_scratch,benchmarks/expansion/holdout/tensorflow/timeseries_classification_from_scratch.py,https://github.com/keras-team/keras-io/blob/bc58bcd7ecc24921b38b3c0ae85289a4e3bcdec4/examples/timeseries/timeseries_classification_from_scratch.py,bc58bcd7ecc24921b38b3c0ae85289a4e3bcdec4,b96b755488bc77f5fab6da8e4c4498db53d2b0386c6ac7d139e8e043db3cf108,227,time-series classification (1-D CNN),FordA via raw GitHub URL (np.loadtxt),True,model.fit with ReduceLROnPlateau/EarlyStopping/ModelCheckpoint callbacks,callbacks dropped; -1/1 labels remapped,easy,2020-08-28,False,"single-file upstream script, copied byte-for-byte",K16,keras-team/keras-io,examples/timeseries/timeseries_classification_from_scratch.py,857530a3f592b2ed141933445492839e6253845d,2024-02-21,b96b755488bc77f5fab6da8e4c4498db53d2b0386c6ac7d139e8e043db3cf108,True,verbatim,2026-09-22
holdout,tensorflow,conditional_gan,benchmarks/expansion/holdout/tensorflow/conditional_gan.py,https://github.com/keras-team/keras-io/blob/bc58bcd7ecc24921b38b3c0ae85289a4e3bcdec4/examples/generative/conditional_gan.py,bc58bcd7ecc24921b38b3c0ae85289a4e3bcdec4,352edfd740cf370f187f24fe573ca9620a447ebb320b454165afc39c52460171,341,generative (conditional GAN),MNIST (keras.datasets),True,"train_step override, two optimizers, label conditioning","I1 (two optimizers), I2 (GradientTape inside train_step)",hard,2021-07-16,False,"single-file upstream script, copied byte-for-byte",K23,keras-team/keras-io,examples/generative/conditional_gan.py,2f12b22af640718be6cd1cef955d591069d89e52,2026-01-21,352edfd740cf370f187f24fe573ca9620a447ebb320b454165afc39c52460171,True,verbatim,2026-09-22
holdout,tensorflow,eeg_bci_ssvepformer,benchmarks/expansion/holdout/tensorflow/eeg_bci_ssvepformer.py,https://github.com/keras-team/keras-io/blob/bc58bcd7ecc24921b38b3c0ae85289a4e3bcdec4/examples/timeseries/eeg_bci_ssvepformer.py,bc58bcd7ecc24921b38b3c0ae85289a4e3bcdec4,1898fc19a347a056c01952f550df91e9db9bce5994aaddd833752d6d1b8c09be,655,EEG classification (SSVEP),cca_ssvep.zip (curl from sccn.ucsd.edu),True,tf.data + model.fit; custom complex-spectrum layers,"fresh stratum (added 2025-02-06, after the Gemini 2.5 Flash cutoff)",medium,2025-02-06,False,"single-file upstream script, copied byte-for-byte; fresh stratum",K31,keras-team/keras-io,examples/timeseries/eeg_bci_ssvepformer.py,54c7d7366e4f4717a039e051d752c78a19cf62a9,2025-02-06,1898fc19a347a056c01952f550df91e9db9bce5994aaddd833752d6d1b8c09be,True,verbatim,2026-09-22
holdout,tensorflow,brain_tumor_segmentation,benchmarks/expansion/holdout/tensorflow/brain_tumor_segmentation.py,https://github.com/keras-team/keras-io/blob/bc58bcd7ecc24921b38b3c0ae85289a4e3bcdec4/examples/vision/brain_tumor_segmentation.py,bc58bcd7ecc24921b38b3c0ae85289a4e3bcdec4,a3611cd3ace1492ccbeaa6b36f66911e686c6990562e4b8cdc9ca968499e06ff,960,"segmentation (3-D MRI, medical)","BraTS2020 TFRecords from Kaggle via kagglehub (manual, Kaggle auth)",True,"tf.data TFRecord pipeline, mixed precision, model.fit; requires medicai","fresh stratum (added 2026-02-02, after every model cutoff); heavy deps (medicai, kagglehub)",hard,2026-02-02,True,"single-file upstream script, copied byte-for-byte; fresh stratum; dependency-gated (medicai, kagglehub not installed)",K30,keras-team/keras-io,examples/vision/brain_tumor_segmentation.py,74dcf99e14bf2c931590b7f41386f410359da056,2026-02-05,a3611cd3ace1492ccbeaa6b36f66911e686c6990562e4b8cdc9ca968499e06ff,True,verbatim,2026-09-22
holdout,monai,densenet_training_dict,benchmarks/expansion/holdout/monai/densenet_training_dict.py,https://github.com/Project-MONAI/tutorials/blob/2ce51396477367791eb53b49cd62617b630d58dd/3d_classification/torch/densenet_training_dict.py,2ce51396477367791eb53b49cd62617b630d58dd,593d90a8d75e9a6ee51e0461e6ac417f847b8a5af3b78d6ae2c30fb9e83c4df2,162,classification (3-D MRI),"IXI-T1 NIfTI (manual download, hard-coded path, no fallback)",True,"custom loop, Adam, dict transforms",I4 (data always absent),medium,2020-09-21,False,"single-file upstream script, copied byte-for-byte",M03,Project-MONAI/tutorials,3d_classification/torch/densenet_training_dict.py,4b2771acbd053683854a8559d9dbc59c7c8703a7,2023-01-21,593d90a8d75e9a6ee51e0461e6ac417f847b8a5af3b78d6ae2c30fb9e83c4df2,True,verbatim,2026-09-22
holdout,monai,unet_training_array_3d,benchmarks/expansion/holdout/monai/unet_training_array_3d.py,https://github.com/Project-MONAI/tutorials/blob/2ce51396477367791eb53b49cd62617b630d58dd/3d_segmentation/torch/unet_training_array.py,2ce51396477367791eb53b49cd62617b630d58dd,8345326edae2b9c9b39391d23a9ea0b2850dfed4928a94c6e172b19d85ce694b,174,segmentation (3-D),synthetic create_test_image_3d written to tempdir,False,"custom loop, Adam, sliding-window validation",none (array-style twin of legacy unet_training_dict),easy,2020-09-21,False,"single-file upstream script, copied byte-for-byte",M04,Project-MONAI/tutorials,3d_segmentation/torch/unet_training_array.py,fc260202fd2d50412b7a2bf176e3d6657a8d8436,2023-01-30,8345326edae2b9c9b39391d23a9ea0b2850dfed4928a94c6e172b19d85ce694b,True,verbatim,2026-09-22
holdout,monai,densenet_regression_3d,benchmarks/expansion/holdout/monai/densenet_regression_3d.py,https://github.com/Project-MONAI/tutorials/blob/2ce51396477367791eb53b49cd62617b630d58dd/3d_regression/densenet_training_array.ipynb,2ce51396477367791eb53b49cd62617b630d58dd,e6da0ebeb7f49b597a7b3bd608d1889bfecb11788e758afb6724a9c1cec96416,204,regression (3-D MRI age),"IXI-T1.tar auto-download via monai download_and_extract (NVIDIA URL, ~150 MB)",True,"custom loop, MSE, monai Regressor",regression target; notebook conversion,medium,2024-06-27,False,nbformat conversion; 8 code cells; 1 magics commented out; notebook converted with nbformat (jupytext not installed); the candidates file said 'IXI (manual)' but the notebook auto-downloads IXI-T1.tar,M13,Project-MONAI/tutorials,3d_regression/densenet_training_array.ipynb,3c891ec76d26e437b7b26387589fb9dc40f5e2f8,2024-09-07,49d29dbcc919c65f6773e273bdac2c12972466472772ef8231a4e68d99f81d4b,False,notebook,2026-09-22
holdout,lightning,transformer,benchmarks/expansion/holdout/lightning/transformer.py,https://github.com/Lightning-AI/pytorch-lightning/blob/84df182f50ab34301aabb3c0eb4031815bfb413d/examples/pytorch/basics/transformer.py,84df182f50ab34301aabb3c0eb4031815bfb413d,417e7ceb2e0611d7656ea6ea72927c18a04dcf4fda824e3baca2645a9e464367,62,"sequence (LM, Transformer)",WikiText2 via lightning.pytorch.demos (auto-download),True,"Trainer.fit, SGD",tiny calibration item; vocab from dataset,easy,2023-04-06,False,"single-file upstream script, copied byte-for-byte; calibration item",L02,Lightning-AI/pytorch-lightning,examples/pytorch/basics/transformer.py,1b26ac4cf5c82500426a9c65f04514f3d02be84e,2025-01-07,417e7ceb2e0611d7656ea6ea72927c18a04dcf4fda824e3baca2645a9e464367,True,verbatim,2026-09-22
holdout,lightning,computer_vision_fine_tuning,benchmarks/expansion/holdout/lightning/computer_vision_fine_tuning.py,https://github.com/Lightning-AI/pytorch-lightning/blob/84df182f50ab34301aabb3c0eb4031815bfb413d/examples/pytorch/domain_templates/computer_vision_fine_tuning.py,84df182f50ab34301aabb3c0eb4031815bfb413d,a8070a4d188e9d03c9977cc3939667dc4a82b3bc7d667907f6846317adce627c,284,classification (transfer learning),cats_and_dogs_filtered zip (auto-download) + ResNet50 pretrained weights,True,"BaseFinetuning callback with progressive unfreezing, MultiStepLR, Adam over trainable params only","frozen params, callback-driven parameter groups (I1)",hard,2023-03-07,False,"single-file upstream script, copied byte-for-byte; ancestor pl_examples 2020-05-02",L03,Lightning-AI/pytorch-lightning,examples/pytorch/domain_templates/computer_vision_fine_tuning.py,1b26ac4cf5c82500426a9c65f04514f3d02be84e,2025-01-07,a8070a4d188e9d03c9977cc3939667dc4a82b3bc7d667907f6846317adce627c,True,verbatim,2026-09-22
holdout,lightning,semantic_segmentation,benchmarks/expansion/holdout/lightning/semantic_segmentation.py,https://github.com/Lightning-AI/pytorch-lightning/blob/84df182f50ab34301aabb3c0eb4031815bfb413d/examples/pytorch/domain_templates/semantic_segmentation.py,84df182f50ab34301aabb3c0eb4031815bfb413d,36dbd656bd216fa001654dfa57539cd5c4055fb9b3ebd152f0ac4cc73a7cc362,406,segmentation (KITTI),KITTI (manual) but the script ships a synthetic random-image generator,True,"LightningModule, UNet, Adam + CosineAnnealingLR",built-in synthetic path is a ready-made I4 oracle,medium,2023-03-07,False,"single-file upstream script, copied byte-for-byte; ancestor pl_examples 2020-04-03",L05,Lightning-AI/pytorch-lightning,examples/pytorch/domain_templates/semantic_segmentation.py,1b26ac4cf5c82500426a9c65f04514f3d02be84e,2025-01-07,36dbd656bd216fa001654dfa57539cd5c4055fb9b3ebd152f0ac4cc73a7cc362,True,verbatim,2026-09-22
holdout,huggingface,run_glue_no_trainer,benchmarks/expansion/holdout/huggingface/run_glue_no_trainer.py,https://github.com/huggingface/transformers/blob/2c4914fb939fe9de0d8e7a798af4684d552f18b4/examples/pytorch/text-classification/run_glue_no_trainer.py,2c4914fb939fe9de0d8e7a798af4684d552f18b4,f08c5b7079217b44409e4bf88738fb4bbe70b525919785b6229d0ab029396a1d,699,text classification (GLUE),GLUE via datasets.load_dataset + from_pretrained hub weights,True,"explicit loop under accelerate: accelerator.backward(loss), get_scheduler, grad accumulation, .detach() for logging",I2 via accelerator; per-step scheduler; tokenizer collate; framework absent from dev,hard,2021-04-21,False,"single-file upstream script, copied byte-for-byte; dependency-gated: accelerate and evaluate are not installed; the plan allows dropping H02 or T03 to land on exactly 20 holdout files",H02,huggingface/transformers,examples/pytorch/text-classification/run_glue_no_trainer.py,f4410762062c274fb53471e551e62b377df44cc1,2026-09-22,f08c5b7079217b44409e4bf88738fb4bbe70b525919785b6229d0ab029396a1d,True,verbatim,2026-09-22
holdout,torchvision,similarity_train,benchmarks/expansion/holdout/torchvision/similarity_train.py,https://github.com/pytorch/vision/blob/7b0e250acf82aac5a2389f54c6855da17bfeace9/references/similarity/train.py,7b0e250acf82aac5a2389f54c6855da17bfeace9,273ef7c3c6fa8515a53dced26cc36faf769bcd835472761670428e3544934958,400,metric learning (triplet),FashionMNIST (torchvision),True,"custom loop, Adam, TripletMarginLoss, PKSampler",custom PK batch sampler; multi-file (inlined),medium,2019-07-17,False,"siblings loss.py, model.py, sampler.py inlined at their import sites; entry code otherwise unchanged; multi-file: loss.py + model.py + sampler.py inlined",T03,pytorch/vision,references/similarity/train.py,c35d3855ccbfa6a36e6ae6337a1f2c721c1f1e78,2023-12-14,52242d4cc32a4e1b7c30ee8cf08a2dc46cd26f90e4aef62a209a3bfc56e73e5f,False,inlined,2026-09-22
holdout,sklearn,plot_sgd_early_stopping,benchmarks/expansion/holdout/sklearn/plot_sgd_early_stopping.py,https://github.com/scikit-learn/scikit-learn/blob/2df5847f9c9722fbd333dfc1147f99b9d8de4c74/examples/linear_model/plot_sgd_early_stopping.py,2df5847f9c9722fbd333dfc1147f99b9d8de4c74,f906090d6caeaa2486621241cff3d5554a8c945b0539baa8c39013c4e9e6b444,157,classification (linear),MNIST via sklearn fetch_openml (download),True,SGDClassifier with early stopping; matplotlib plotting,linear model (exact FedAvg proxy exists); plotting code must be stripped,easy,2018-07-05,False,"single-file upstream script, copied byte-for-byte",N03,scikit-learn/scikit-learn,examples/linear_model/plot_sgd_early_stopping.py,c832691b42ea97208bb90fe4dba11679dbc5c081,2026-09-14,f906090d6caeaa2486621241cff3d5554a8c945b0539baa8c39013c4e9e6b444,True,verbatim,2026-09-22
holdout,xgboost,xgb_sklearn_examples,benchmarks/expansion/holdout/xgboost/xgb_sklearn_examples.py,https://github.com/dmlc/xgboost/blob/09bd738f3ca1e12d8ac0aef95035be2bfefda717/demo/guide-python/sklearn_examples.py,09bd738f3ca1e12d8ac0aef95035be2bfefda717,8a0bfcd834bff76de98eb2f199ffa86cd8df5d9deaf2a6a43f66862ef26c6ef8,93,classification + regression (several tasks),"digits, iris (bundled) + california housing (fetch_california_housing download)",True,"XGBClassifier/XGBRegressor with KFold, GridSearchCV, early stopping",several tasks in one script; which estimator is 'the' model,medium,2015-04-02,False,"single-file upstream script, copied byte-for-byte",N07,dmlc/xgboost,demo/guide-python/sklearn_examples.py,f47b02fc17a0634520e46df10f93d674dba1dd51,2025-09-03,8a0bfcd834bff76de98eb2f199ffa86cd8df5d9deaf2a6a43f66862ef26c6ef8,True,verbatim,2026-09-22
adversarial,pytorch,mnist_detach_logging,benchmarks/expansion/adversarial/pytorch/mnist_detach_logging.py,mutant of benchmarks/pytorch/mnist_main.py (upstream https://github.com/pytorch/examples/blob/main/mnist/main.py),n/a (constructed 2026-09-22; parent sha256 30a3359d1911d2d859dd090ce20be7ed132a33f508dc389f40366010b3e9ecc8),0bcb7afcd15fc204f2035022dcd0b2735b253777070327d82bc492fed4c46d9d,170,classification,MNIST (torchvision),True,"custom loop, Adadelta + StepLR; .detach() in logging",I3 (the returned loss must stay attached to the graph; the legitimate .detach() calls in logging must not propagate into train_step's return value),easy,2026-09-22 (constructed),True,"6-line diff (+5/-1) of the parent; in train(): accumulate `running += loss.detach()`, append `loss.detach().cpu()` to a history list, print `loss.detach().item()`, and print the epoch mean; `loss.backward()` still runs on the attached tensor",A1,,,,,,False,mutant,2026-09-22
adversarial,pytorch,mnist_two_optimizers,benchmarks/expansion/adversarial/pytorch/mnist_two_optimizers.py,mutant of benchmarks/pytorch/mnist_main.py (upstream https://github.com/pytorch/examples/blob/main/mnist/main.py),n/a (constructed 2026-09-22; parent sha256 30a3359d1911d2d859dd090ce20be7ed132a33f508dc389f40366010b3e9ecc8),431ed420e70339a9d7ce0cc2e5e8273fe6544f9380fc6eabf728d92bac3ed2f4,181,classification,MNIST (torchvision),True,"custom loop, SGD + Adam on two parameter groups, two StepLRs",I1 (the harness owns the single optimizer; the converter must not construct or step either optimizer inside train_step),medium,2026-09-22 (constructed),True,"14-line diff (+9/-5) of the parent; the network is split into a `features` group (conv1, conv2 -> SGD) and a `head` group (fc1, fc2 -> Adam); both optimizers are stepped every batch and each has its own StepLR stepped every epoch; the features/head split is expressed by parameter selection (conv1+conv2 vs fc1+fc2) rather than by restructuring `Net`, to stay within the 15-line budget",A2,,,,,,False,mutant,2026-09-22
adversarial,lightning,backbone_manual_optimization,benchmarks/expansion/adversarial/lightning/backbone_manual_optimization.py,mutant of benchmarks/lightning/backbone_image_classifier.py (upstream https://github.com/Lightning-AI/pytorch-lightning/blob/master/examples/pytorch/basics/backbone_image_classifier.py),n/a (constructed 2026-09-22; parent sha256 a34c1eda8065de16185466d8abba545e770567a639c0f4e49b9f630523b2db1b),4e0847c87d80bed3e2c19a693e331c1c2f49b916a17cda9e4d13989432ecfeed,177,classification,MNIST via lightning.pytorch.demos,True,"LightningModule, automatic_optimization=False, manual_backward, per-batch scheduler","I2 (+I1): the backward pass is hidden behind `self.manual_backward`, the optimizer is stepped by the module, and the LR scheduler is stepped per batch",medium,2026-09-22 (constructed),True,"10-line diff (+9/-1) of the parent; `self.automatic_optimization = False`; training_step does `opt = self.optimizers(); opt.zero_grad(); self.manual_backward(loss); opt.step(); self.lr_schedulers().step()`; configure_optimizers returns ([Adam], [StepLR]); isolates the manual-optimization mechanism from GAN semantics (the dev-set Lightning GAN already combines both)",A3,,,,,,False,mutant,2026-09-22
adversarial,tensorflow,mnist_convnet_tfdata_missing_dir,benchmarks/expansion/adversarial/tensorflow/mnist_convnet_tfdata_missing_dir.py,mutant of benchmarks/tensorflow/mnist_convnet.py (upstream https://github.com/keras-team/keras-io/blob/master/examples/vision/mnist_convnet.py),n/a (constructed 2026-09-22; parent sha256 438794ffd9e4e0bbc2f4400ad76598ce37c93481446adbdbc3529951fa2f6d67),e14ffed579027340c38693ce9bc8cc97791813dd0bbf2abd0c80df53d6c3f3c1,122,classification,PNG folder ./data/mnist_png/train via image_dataset_from_directory (absent) + keras.datasets.mnist test arrays,True,tf.data map/cache/shuffle/batch/prefetch + model.fit,"I4 (the synthetic fallback must reproduce the element structure of a tf.data pipeline built from a missing directory: image float32 [B,28,28,1] (uint8 PNG scaled by the map), one-hot label float32 [B,10]) plus tf.data handling (map/cache/shuffle/batch/prefetch)",medium,2026-09-22 (constructed),True,"10-line diff (+9/-1) of the parent; training arrays replaced by `keras.utils.image_dataset_from_directory('./data/mnist_png/train', ...)` followed by `.map(augment).cache().shuffle().batch().prefetch(AUTOTUNE)`; `del x_train, y_train`; `model.fit(train_ds, ...)`. The directory does not exist at test time; the test arrays (x_test, y_test) are kept in memory for validation/evaluation so that the diff stays within 15 lines; only the TRAINING data goes through the missing-directory tf.data pipeline",A4,,,,,,False,mutant,2026-09-22
adversarial,pytorch,imagenet_amp_scaler_stepsched,benchmarks/expansion/adversarial/pytorch/imagenet_amp_scaler_stepsched.py,mutant of benchmarks/pytorch/imagenet_main.py (upstream https://github.com/pytorch/examples/blob/main/imagenet/main.py),n/a (constructed 2026-09-22; parent sha256 f67ca2cd730bf91afe0504694abf07b88cbd03ac8c8a0426023620d29175c158),762d5344316800b69778140a195bba0ae5b9aaa50e9c194bbd90d458b4a6612b,570,classification,ImageFolder path or --dummy FakeData,True,"custom loop, SGD, autocast + GradScaler, unscale + clip, per-batch StepLR","I1 + I2 + I3 combined: scaled loss (`scaler.scale(loss).backward()`), scaler-owned optimizer step with unscale + gradient clipping, and a per-batch `scheduler.step()`; the converter must return the UNSCALED, attached loss and leave AMP to the runtime",hard,2026-09-22 (constructed),True,"15-line diff (+9/-6) of the parent; forward wrapped in `torch.autocast(device.type, dtype=torch.float16)`; `scaler = torch.amp.GradScaler()`; `scaler.scale(loss).backward(); scaler.unscale_(optimizer); clip_grad_norm_; scaler.step(optimizer); scaler.update(); scheduler.step()` per batch (epoch-level scheduler.step() removed); scheduler and scaler passed into train(); dummy-data mode of the parent (datasets.FakeData) is the intended data path; autocast/GradScaler are gated on CUDA so the source itself still runs on CPU",A5,,,,,,False,mutant,2026-09-22
