batch_size,lr,avg_loss_round2,steps_per_sec,total_elapsed_sec
4,0.01,1.05945,1486.0034,0.17
4,0.001,0.402068,1668.1929,0.15
4,0.0003,0.553565,1664.0762,0.15
4,0.0001,1.114267,1636.3648,0.15
8,0.01,0.643815,1353.9753,0.09
8,0.001,0.422227,1362.9917,0.09
8,0.0003,0.709213,1324.1653,0.1
8,0.0001,1.398863,1320.5884,0.1
16,0.01,0.534979,974.1841,0.07
16,0.001,0.479812,1007.3872,0.06
16,0.0003,0.936245,966.9447,0.07
16,0.0001,1.669318,1003.5083,0.06
32,0.01,0.651346,634.3383,0.05
32,0.001,0.598633,666.4766,0.05
32,0.0003,1.307919,659.7379,0.05
32,0.0001,1.894981,648.7803,0.05
