script_name,framework,method,provider,syntax_valid,interface_complete,build_model_present,build_dataloader_present,train_step_present,optimizer_detected,component_coverage,preflight_pass,e2e_runnable,error_stage,error_message,elapsed_sec,data_path,data_path_exists,strict_data,spec_version,dataset_class,dataset_len,template_model,template_train_step,n_rules,n_fallbacks,rules_fired,fallbacks_used,converter_warnings,convert_error
dcgan_main,pytorch,template,none,True,True,True,True,True,True,1.0,True,True,,,481.08,.,True,False,n/a,CIFAR10,50000,none,extracted,26,0,"R1.4 kept post-construction call netD.apply(weights_init) | R1.1 model class Discriminator (instantiated at module level as netD) | R1.4 kept post-construction call netG.apply(weights_init) | R1.1 model class Generator (instantiated at module level as netG) | R1.3 several networks trained in one loop -> TemplateModelBundle | R3.5 constructor arguments resolved from enclosing scopes / argparse defaults: ['ngpu'] | R2.2 data root bound to config['data_path'] (opt.dataroot) | R3.5 argparse defaults folded in the data pipeline: ['imageSize'] | R3.5 argparse defaults folded in the data pipeline: ['classes', 'imageSize'] | R3.5 data pipeline definitions hoisted: ['classes'] | R2.1 5 dataset candidate(s) emitted (data-flow linked to the training loader) | R2.3 candidates probed in try/except; synthetic fallback gated on allow_synthetic_data | R4 synthetic shape (3, 64, 64) / target=binary from: explicit:FakeData=(3, 64, 64); catalogue:CIFAR10=(3, 32, 32),10; model:first-Conv2d.in_channels=3 | R3.1 train_step extracted from the training loop at line 223 (module level) | R3.7 multi-loss loop: returning errD_real + errD_fake + errG | R3.3 optimizer/backward/logging call sites scrubbed | R3.6 in-place label.fill_() rewritten out-of-place | R3.4 backward slice removed statements not feeding the loss | R3.5 hoisted from enclosing scopes: ['criterion', 'fake_label', 'nz', 'real_label'] | R6 module-level constant ngf folded for Generator | R6 module-level constant nz folded for Generator | R6 module-level constant nc folded for Generator | R6 module-level constant ndf folded for Discriminator | R6 module-level constant nc folded for Discriminator | R1 optimizer constructor detected: Adam(lr=0.0002, betas=(0.5, 0.999)) [torch] | R6 imports tree-shaken to the names referenced by the generated module",,train_step: scrubbed: netD.zero_grad() | train_step: scrubbed: errD_real.backward() | train_step: scrubbed: errD_fake.backward() | train_step: scrubbed: optimizerD.step() | train_step: scrubbed: netG.zero_grad(),
imagenet_main,pytorch,template,none,True,True,True,True,True,True,1.0,True,True,,,11.28,.,True,False,n/a,TensorDataset,111,none,extracted,11,0,"R1.2 library model constructor kept verbatim: models.__dict__ (main_worker()) | R2.2 data root bound to config['data_path'] (args.data) | R3.5 data pipeline definitions hoisted: ['normalize', 'traindir'] | R2.1 1 dataset candidate(s) emitted (data-flow linked to the training loader) | R2.3 candidates probed in try/except; synthetic fallback gated on allow_synthetic_data | R4 synthetic shape (3, 224, 224) / target=class[1000] from: explicit:FakeData=(3, 224, 224); classes:FakeData=1000 | R3.1 train_step extracted from the training loop at line 327 in train() | R3.4 backward slice removed statements not feeding the loss | R3.5 hoisted from enclosing scopes: ['criterion'] | R1 optimizer constructor detected: SGD(lr=0.1, momentum=0.9, weight_decay=0.0001) [torch] | R6 imports tree-shaken to the names referenced by the generated module",,,
mnist_main,pytorch,template,none,True,True,True,True,True,True,1.0,True,True,,,197.52,.,True,False,n/a,MNIST,60000,none,extracted,10,0,"R1.1 model class Net (instantiated at main() as model) | R2.2 data root bound to config['data_path'] (literal root) | R3.5 data pipeline definitions hoisted: ['transform'] | R2.1 1 dataset candidate(s) emitted (data-flow linked to the training loader) | R2.3 candidates probed in try/except; synthetic fallback gated on allow_synthetic_data | R4 synthetic shape (1, 28, 28) / target=class[10] from: catalogue:MNIST=(1, 28, 28),10; model:first-Conv2d.in_channels=1; model:last-Linear.out_features=10; transform:channels=1 | R3.1 train_step extracted from the training loop at line 38 in train() | R3.3 optimizer/backward/logging call sites scrubbed | R1 optimizer constructor detected: Adadelta(lr=1.0) [torch] | R6 imports tree-shaken to the names referenced by the generated module",,train_step: scrubbed: optimizer.zero_grad(),
image_classification_from_scratch,tensorflow,template,none,True,True,True,True,True,True,1.0,True,True,,,9.08,.,True,False,n/a,TensorDataset,172,generic,generic,8,2,"R2.4 keras image_dataset_from_directory -> torchvision ImageFolder(+Resize, ToTensor) | R2.1 1 dataset candidate(s) emitted | R2.3 candidates probed in try/except; synthetic fallback gated on allow_synthetic_data | R4 synthetic shape (3, 180, 180) / target=binary from: explicit:keras.Input=(3, 180, 180); classes:keras.Input=1 | R3.8 generic train_step with detected loss BinaryCrossentropy (keras.compile) | R1 optimizer constructor detected: Adam(lr=0.0003) [keras.optimizers] | R6 unavailable/irrelevant framework imports dropped: keras, tensorflow | R6 imports tree-shaken to the names referenced by the generated module",generic model: non-linear functional graph (layers applied inside a loop) | generic train_step (no training loop),,
lstm_seq2seq,tensorflow,template,none,True,True,True,True,True,True,1.0,True,True,,,3.42,.,True,False,n/a,TensorDataset,256,generic,generic,6,4,"R2.3 candidates probed in try/except; synthetic fallback gated on allow_synthetic_data | R4 synthetic shape (16, 32) / target=class[10] from: explicit:keras.Input=(16, 32); default:classes=10 | R3.8 generic train_step with detected loss categorical_crossentropy (keras.compile) | R1 optimizer constructor detected: RMSprop() [keras.compile] | R6 unavailable/irrelevant framework imports dropped: keras | R6 imports tree-shaken to the names referenced by the generated module",generic model: multi-input functional graph (4 keras.Input calls) | no usable dataset construction found; synthetic data only | synthetic input shape could not be fully resolved from the source; defaults used | generic train_step (no training loop),no dataset candidate could be emitted; build_dataloader relies on synthetic data,
mnist_convnet,tensorflow,template,none,True,True,True,True,True,True,1.0,True,True,,,37.7,.,True,False,n/a,MNIST,60000,none,generic,11,1,"R5.1 keras layer stack -> torch.nn.Sequential (static NHWC->NCHW shape tracking) | R5.1 keras Input shape (28, 28, 1) -> channels-first (1, 28, 28) | R5.1 final softmax folded into the loss (model returns logits) | R2.4 keras.datasets.mnist.load_data() -> torchvision.datasets.MNIST | R2.1 1 dataset candidate(s) emitted | R2.3 candidates probed in try/except; synthetic fallback gated on allow_synthetic_data | R4 synthetic shape (1, 28, 28) / target=class[10] from: explicit:keras.Input=(1, 28, 28); classes:keras.Input=10; catalogue:mnist=(1, 28, 28),10 | R3.8 generic train_step with detected loss categorical_crossentropy (keras.compile) | R1 optimizer constructor detected: Adam() [keras.compile] | R6 unavailable/irrelevant framework imports dropped: keras | R6 imports tree-shaken to the names referenced by the generated module",generic train_step (no training loop),,
mednist_tutorial,monai,template,none,True,True,True,True,True,True,1.0,True,True,,,37.1,.,True,False,n/a,TensorDataset,18,none,extracted,11,0,"R1.2 library model constructor kept verbatim: monai.networks.nets.DenseNet121 (main()) | R3.5 data pipeline definitions hoisted: ['images', 'labels', 'train_transforms'] | R2.1 1 dataset candidate(s) emitted (data-flow linked to the training loader) | R2.3 candidates probed in try/except; synthetic fallback gated on allow_synthetic_data | R4 synthetic shape (1, 96, 96, 96) / target=class[2] from: explicit:monai(in_channels,spatial)=(1, 96, 96, 96); classes:monai.out_channels=2 | R3.1 train_step extracted from the training loop at line 95 in main() | R3.3 optimizer/backward/logging call sites scrubbed | R3.4 backward slice removed statements not feeding the loss | R3.5 hoisted from enclosing scopes: ['loss_function'] | R1 optimizer constructor detected: Adam(lr=1e-05) [torch] | R6 imports tree-shaken to the names referenced by the generated module",,train_step: scrubbed: optimizer.zero_grad(),
spleen_segmentation_3d,monai,template,none,True,True,True,True,True,True,1.0,True,True,,,67.06,.,True,False,n/a,Dataset,20,none,extracted,14,0,"R1.2 library model constructor kept verbatim: monai.networks.nets.UNet (main()) | R2.2 data root bound to config['data_path'] (tempdir) | R3.5 data pipeline definitions hoisted: ['images', 'segs', 'train_files', 'train_transforms'] | R2.5 DataLoader collate_fn=list_data_collate preserved (batch structure) | R2.1 1 dataset candidate(s) emitted (data-flow linked to the training loader) | R2.3 candidates probed in try/except; synthetic fallback gated on allow_synthetic_data | R4 synthetic shape (1, 96, 96, 96) / target=segmentation from: explicit:monai(in_channels,spatial)=(1, 96, 96, 96); classes:monai.out_channels=1; batch:dict['img', 'seg'] | R5.3 dict batches preserved with keys ['img', 'seg'] | R3.1 train_step extracted from the training loop at line 130 in main() | R3.3 optimizer/backward/logging call sites scrubbed | R3.4 backward slice removed statements not feeding the loss | R3.5 hoisted from enclosing scopes: ['loss_function'] | R1 optimizer constructor detected: Adam(lr=0.001) [torch] | R6 imports tree-shaken to the names referenced by the generated module",,train_step: scrubbed: optimizer.zero_grad(),
backbone_image_classifier,lightning,template,none,True,True,True,True,True,True,1.0,True,True,,,12.36,.,True,False,n/a,MNIST,60000,none,extracted,17,0,"R5.2 LightningModule LitClassifier used as the model (hooks stripped) | R2.2 data root bound to config['data_path'] (DATASETS_PATH) | R2.1 2 dataset candidate(s) emitted | R2.3 candidates probed in try/except; synthetic fallback gated on allow_synthetic_data | R4 synthetic shape (1, 28, 28) / target=class[10] from: catalogue:MNIST=(1, 28, 28),10 | R3.1 train_step extracted from the LightningModule.training_step | R5.2 base LightningModule -> nn.Module | R5.2 save_hyperparameters() -> SimpleNamespace hparams | R5.2 hook training_step() removed | R5.2 hook validation_step() removed | R5.2 hook test_step() removed | R5.2 hook predict_step() removed | R5.2 hook configure_optimizers() removed | R1 optimizer constructor detected: Adam() [torch] | R2.4 lightning.pytorch.demos MNIST -> torchvision.datasets.MNIST | R6 unavailable/irrelevant framework imports dropped: lightning.pytorch, lightning.pytorch.cli, lightning.pytorch.demos.mnist_datamodule, lightning.pytorch.utilities.imports | R6 imports tree-shaken to the names referenced by the generated module",,,
mnist_lite,lightning,template,none,True,True,True,True,True,True,1.0,True,True,,,198.46,.,True,False,n/a,MNIST,60000,none,extracted,16,0,"R5.2 LightningModule GAN used as the model (hooks stripped) | R2.4 lightning demo MNISTDataModule -> torchvision.datasets.MNIST | R2.1 1 dataset candidate(s) emitted | R2.3 candidates probed in try/except; synthetic fallback gated on allow_synthetic_data | R4 synthetic shape (1, 28, 28) / target=binary from: explicit:__init__.img_shape=(1, 28, 28); catalogue:MNISTDataModule=(1, 28, 28),10 | R3.1 train_step extracted from the LightningModule.training_step | R3.7 multi-loss loop: returning g_loss + d_loss | R3.3 optimizer/backward/logging call sites scrubbed | R5.2 base LightningModule -> nn.Module | R5.2 save_hyperparameters() -> SimpleNamespace hparams | R5.2 hook training_step() removed | R5.2 hook configure_optimizers() removed | R5.2 hook on_train_epoch_end() removed | R1 optimizer constructor detected: Adam() [torch] | R6 unavailable/irrelevant framework imports dropped: lightning.pytorch, lightning.pytorch.core, lightning.pytorch.demos.mnist_datamodule, lightning.pytorch.trainer, lightning.pytorch.utilities.imports | R6 imports tree-shaken to the names referenced by the generated module",,"train_step: scrubbed: opt_g, opt_d = self.optimizers() | train_step: scrubbed: self.toggle_optimizer(opt_g) | train_step: scrubbed: opt_g.zero_grad() | train_step: scrubbed: self.manual_backward(g_loss) | train_step: scrubbed: opt_g.step() | train_step: scrubbed: self.untoggle_optimizer(opt_g) | train_step: scrubbed: self.toggle_optimizer(opt_d)",
mlp_digits,sklearn,template,none,True,True,True,True,True,True,1.0,True,True,,,7.59,.,True,False,n/a,TensorDataset,1797,surrogate,generic,10,2,"R5.4 sklearn/XGBoost estimator MLPClassifier -> MLP surrogate on (64,) | R5.4 hidden_layer_sizes=(128, 64) mirrored from MLPClassifier | R2.4 StandardScaler mirrored as per-feature standardisation | R2.4 sklearn.datasets.load_digits() -> TensorDataset | R2.1 1 dataset candidate(s) emitted | R2.3 candidates probed in try/except; synthetic fallback gated on allow_synthetic_data | R4 synthetic shape (64,) / target=class[10] from: explicit:sklearn.load_digits=(64,); classes:sklearn.load_digits=10; catalogue:load_digits=(64,),10 | R3.8 generic train_step with detected loss cross_entropy (default) | R1 optimizer constructor detected: AdamW() [default] | R6 imports tree-shaken to the names referenced by the generated module",surrogate model for a non-neural estimator | generic train_step (no training loop),,
svm_iris,sklearn,template,none,True,True,True,True,True,True,1.0,True,True,,,3.1,.,True,False,n/a,TensorDataset,150,surrogate,generic,9,2,"R5.4 sklearn/XGBoost estimator SVC -> MLP surrogate on (4,) | R2.4 StandardScaler mirrored as per-feature standardisation | R2.4 sklearn.datasets.load_iris() -> TensorDataset | R2.1 1 dataset candidate(s) emitted | R2.3 candidates probed in try/except; synthetic fallback gated on allow_synthetic_data | R4 synthetic shape (4,) / target=class[3] from: explicit:sklearn.load_iris=(4,); classes:sklearn.load_iris=3; catalogue:load_iris=(4,),3 | R3.8 generic train_step with detected loss cross_entropy (default) | R1 optimizer constructor detected: AdamW() [default] | R6 imports tree-shaken to the names referenced by the generated module",surrogate model for a non-neural estimator | generic train_step (no training loop),,
xgb_breast_cancer,xgboost,template,none,True,True,True,True,True,True,1.0,True,True,,,3.72,.,True,False,n/a,TensorDataset,569,surrogate,generic,9,2,"R5.4 sklearn/XGBoost estimator XGBClassifier -> MLP surrogate on (30,) | R2.4 StandardScaler mirrored as per-feature standardisation | R2.4 sklearn.datasets.load_breast_cancer() -> TensorDataset | R2.1 1 dataset candidate(s) emitted | R2.3 candidates probed in try/except; synthetic fallback gated on allow_synthetic_data | R4 synthetic shape (30,) / target=class[2] from: explicit:sklearn.load_breast_cancer=(30,); classes:sklearn.load_breast_cancer=2; catalogue:load_breast_cancer=(30,),2 | R3.8 generic train_step with detected loss cross_entropy (default) | R1 optimizer constructor detected: AdamW() [default] | R6 imports tree-shaken to the names referenced by the generated module",surrogate model for a non-neural estimator | generic train_step (no training loop),,
